true_label,prob_tau
1.0,0.45806098
1.0,0.34589404
1.0,0.9223506
1.0,0.76412237
1.0,0.585571
1.0,0.97914106
1.0,0.6966734
1.0,0.9970509
1.0,0.7824546
1.0,0.82513297
1.0,0.3215929
1.0,0.8744345
1.0,0.49602547
1.0,0.50409055
1.0,0.74090725
1.0,0.87762845
1.0,0.5979869
1.0,0.6718245
1.0,0.9669772
1.0,0.5673529
1.0,0.6118692
1.0,0.40280387
1.0,0.5930078
1.0,0.55519015
1.0,0.46043366
1.0,0.49847597
1.0,0.7502246
1.0,0.62144846
1.0,0.510198
1.0,0.32537973
1.0,0.34687376
1.0,0.78135073
1.0,0.57525134
1.0,0.57065237
1.0,0.5030792
1.0,0.22594117
1.0,0.35057372
1.0,0.64081126
1.0,0.7440035
1.0,0.30436847
1.0,0.5779442
1.0,0.38793
1.0,0.9645216
1.0,0.99842346
1.0,0.668146
1.0,0.9597005
1.0,0.8163212
1.0,0.2852603
1.0,0.9992053
1.0,0.8767412
1.0,0.78546065
1.0,0.64753366
1.0,0.7296697
1.0,0.46390632
1.0,0.7943497
1.0,0.34909344
1.0,0.72466266
1.0,0.6307707
1.0,0.97818303
1.0,0.6832704
1.0,0.69015115
1.0,0.5500253
1.0,0.46728173
1.0,0.4492401
1.0,0.33442184
1.0,0.8101586
1.0,0.6740234
1.0,0.7968694
1.0,0.61358756
1.0,0.910386
1.0,0.71169496
1.0,0.81407654
1.0,0.7884076
1.0,0.89943445
1.0,0.72823
1.0,0.5134884
1.0,0.7076875
1.0,0.8007521
1.0,0.55496025
1.0,0.44917846
1.0,0.98414296
1.0,0.80123377
1.0,0.6844492
1.0,0.38151926
1.0,0.45415452
1.0,0.7679579
1.0,0.7828565
1.0,0.40020373
1.0,0.8919989
1.0,0.4675948
1.0,0.42353734
1.0,0.84571224
1.0,0.39527282
1.0,0.59288704
1.0,0.3314211
1.0,0.82593036
1.0,0.37734565
1.0,0.3158192
1.0,0.7613674
1.0,0.6139272
1.0,0.4810627
1.0,0.48374876
1.0,0.6295861
1.0,0.96994174
1.0,0.3503191
1.0,0.5261373
1.0,0.30663902
1.0,0.8014892
1.0,0.94125843
1.0,0.6300851
1.0,0.49607345
1.0,0.4791184
1.0,0.83717453
1.0,0.40262622
1.0,0.821199
1.0,0.78958184
1.0,0.9659711
1.0,0.9659711
1.0,0.6832028
1.0,0.79061
1.0,0.25149652
1.0,0.3409935
1.0,0.6421653
1.0,0.3955346
1.0,0.82368577
1.0,0.9293057
1.0,0.65816194
1.0,0.68243515
1.0,0.31406784
1.0,0.9370302
1.0,0.3407173
1.0,0.5852183
1.0,0.57306015
1.0,0.5211393
1.0,0.68654495
1.0,0.54371715
1.0,0.5328281
1.0,0.81154126
1.0,0.6907924
1.0,0.6439494
1.0,0.4955083
1.0,0.4603036
1.0,0.49996346
1.0,0.52298576
1.0,0.51498085
1.0,0.5668961
1.0,0.43985885
1.0,0.5316663
1.0,0.75375247
1.0,0.5271773
1.0,0.91990256
1.0,0.6541912
1.0,0.7306603
1.0,0.5260319
1.0,0.44156602
1.0,0.6573019
1.0,0.3094319
1.0,0.8118758
1.0,0.7634732
1.0,0.64564645
1.0,0.5532376
1.0,0.42267323
1.0,0.97112805
1.0,0.6018872
1.0,0.33078724
1.0,0.32522273
1.0,0.903975
1.0,0.5240856
1.0,0.67701215
1.0,0.6117666
1.0,0.9266441
1.0,0.60067564
1.0,0.5449979
1.0,0.9923481
1.0,0.74143815
1.0,0.30093947
1.0,0.2632749
1.0,0.56038976
1.0,0.38059247
1.0,0.38059247
1.0,0.5649225
1.0,0.6241355
1.0,0.95790535
1.0,0.8487655
1.0,0.91094637
1.0,0.70349175
1.0,0.9235472
1.0,0.8012603
1.0,0.5274207
1.0,0.73513985
1.0,0.7777825
1.0,0.37154606
1.0,0.64855105
1.0,0.45252
1.0,0.6628241
1.0,0.7585065
1.0,0.97078484
1.0,0.79508704
1.0,0.75162107
1.0,0.42218694
1.0,0.7396608
1.0,0.77308965
1.0,0.6117774
1.0,0.54814565
1.0,0.85576326
1.0,0.86676455
1.0,0.8742191
1.0,0.4884298
1.0,0.818179
1.0,0.35123703
1.0,0.41223282
1.0,0.7256682
1.0,0.7539753
1.0,0.8968633
1.0,0.5308615
1.0,0.6339726
1.0,0.7254778
1.0,0.425442
1.0,0.37372467
1.0,0.96886426
1.0,0.4271353
1.0,0.9595466
1.0,0.51600546
1.0,0.9119226
1.0,0.6824309
1.0,0.8590306
1.0,0.6092688
1.0,0.7432507
1.0,0.5543028
1.0,0.60785747
1.0,0.6445397
1.0,0.68671894
1.0,0.64922696
1.0,0.69173074
1.0,0.42275196
1.0,0.27217984
1.0,0.9864231
1.0,0.9336106
1.0,0.4216453
1.0,0.9472948
1.0,0.5542246
1.0,0.7896036
1.0,0.30984375
1.0,0.9572437
1.0,0.44390675
1.0,0.71760833
1.0,0.5330072
1.0,0.7327921
1.0,0.46698737
1.0,0.863884
1.0,0.867151
1.0,0.8150561
1.0,0.6567984
1.0,0.34472057
1.0,0.34472057
1.0,0.57889843
1.0,0.6384689
1.0,0.6828263
1.0,0.7926064
1.0,0.5599544
1.0,0.74112034
1.0,0.71294075
1.0,0.97606987
1.0,0.5809987
1.0,0.33345217
1.0,0.81948876
1.0,0.81580526
1.0,0.38268554
1.0,0.6916727
1.0,0.5418661
1.0,0.99974793
1.0,0.23797356
1.0,0.67229295
1.0,0.45819348
1.0,0.9215317
1.0,0.98319775
1.0,0.44510144
1.0,0.61963063
1.0,0.5621137
1.0,0.98832405
1.0,0.31094283
1.0,0.5394101
1.0,0.999954
1.0,0.8962884
1.0,0.65033215
1.0,0.6745495
1.0,0.9999994
1.0,0.99870026
1.0,0.32997587
1.0,0.2752607
1.0,0.99367976
1.0,0.25521633
1.0,0.49995804
1.0,0.41359532
1.0,0.99998164
1.0,0.29832911
1.0,0.45462137
1.0,0.2211186
1.0,0.48697332
1.0,0.2801127
1.0,0.49368775
1.0,0.7314547
1.0,0.2979747
1.0,0.89338297
1.0,0.36853763
1.0,0.99746346
1.0,0.5099935
1.0,0.28561252
1.0,0.3725114
1.0,0.88055784
1.0,0.78382885
1.0,0.31308797
1.0,0.3444649
1.0,0.24220857
1.0,0.36908585
1.0,0.9999995
1.0,0.2923528
1.0,0.36917198
1.0,0.61026233
1.0,0.3546873
1.0,0.3039228
1.0,0.44561362
1.0,0.46463564
1.0,0.096702255
1.0,0.2191472
1.0,0.40778273
1.0,0.7598892
1.0,0.6362481
1.0,0.554757
1.0,0.47684035
1.0,0.44682384
1.0,0.49581495
1.0,0.6642563
1.0,0.922128
1.0,0.41608137
1.0,0.49992132
1.0,0.83909094
1.0,0.27736577
1.0,0.5347268
1.0,0.58567303
1.0,0.33707392
1.0,0.29270476
1.0,0.76612693
1.0,0.99994004
1.0,0.5483101
1.0,0.6675697
1.0,0.86753476
1.0,0.3074192
1.0,0.43297142
1.0,0.34390563
1.0,0.45702273
1.0,0.5480578
1.0,0.968872
1.0,0.999196
1.0,0.7958192
1.0,0.999012
1.0,0.67649084
1.0,0.71669215
1.0,0.6323848
1.0,0.5928397
1.0,0.28602138
1.0,0.2930849
1.0,0.38446435
1.0,0.57568306
1.0,0.40608457
1.0,0.91419536
1.0,0.86621445
1.0,0.91071683
1.0,0.99992096
1.0,0.5821974
1.0,0.99477684
1.0,0.47006938
1.0,1.0
1.0,0.8619816
1.0,0.9999981
1.0,0.36548334
1.0,0.38835865
1.0,0.82644737
1.0,0.434427
1.0,0.89889514
1.0,0.7351854
1.0,0.81162465
1.0,0.50806224
1.0,0.59478134
1.0,0.40057433
1.0,0.4963524
1.0,0.99993503
1.0,0.99883586
1.0,0.5154287
1.0,0.7018146
1.0,0.3446511
1.0,0.43109536
1.0,0.9336056
1.0,0.513948
1.0,0.3804853
1.0,0.5174559
1.0,0.21616443
1.0,0.30240777
1.0,0.51434666
1.0,0.8534964
1.0,0.999977
1.0,0.44172972
1.0,0.38542885
1.0,0.9999999
1.0,0.76358324
1.0,0.30062667
1.0,0.27131328
1.0,0.9947162
1.0,0.19536467
1.0,0.35925028
1.0,0.45746544
1.0,0.5178396
1.0,0.3287103
1.0,0.35103795
1.0,0.33769938
1.0,0.33273646
1.0,0.99999213
1.0,0.25596213
1.0,0.97642773
1.0,0.9992224
1.0,0.75152636
1.0,0.37161785
1.0,0.628039
1.0,0.88028574
1.0,0.93248904
1.0,0.9996283
1.0,0.8563515
1.0,0.8754665
1.0,0.32869866
1.0,0.93021375
1.0,0.4744678
1.0,0.99958724
1.0,0.51532835
1.0,0.43403795
1.0,0.99996877
1.0,0.9109501
1.0,0.39831963
1.0,0.97580034
1.0,0.66456825
1.0,0.642798
1.0,0.8885744
1.0,0.99999917
1.0,0.28117585
1.0,0.23937921
1.0,0.2354918
1.0,0.9861248
1.0,0.44619894
1.0,0.28904438
1.0,0.6367571
1.0,0.8120897
1.0,0.15464626
1.0,0.2790997
1.0,1.0
1.0,0.8356749
1.0,0.8776746
1.0,0.55776227
1.0,0.56727517
1.0,0.83894026
1.0,0.8909393
1.0,0.4735427
1.0,0.46385068
1.0,0.99829465
1.0,0.64827144
1.0,0.9927181
1.0,0.28946596
1.0,0.6216642
1.0,0.5558709
1.0,0.46335518
1.0,0.76558137
1.0,0.92221063
1.0,0.3833536
1.0,0.4880527
1.0,0.9286971
1.0,0.6940051
1.0,0.9996749
1.0,0.48091665
1.0,0.81661433
1.0,0.9997671
1.0,0.999255
1.0,0.5225652
1.0,0.6880959
1.0,0.49870482
1.0,0.98249155
1.0,0.26906124
1.0,0.20598996
1.0,1.0
1.0,1.0
1.0,0.4539572
1.0,0.61844414
1.0,0.6976787
1.0,0.5942017
1.0,0.8726536
1.0,0.2741873
1.0,0.9743903
1.0,0.99999714
1.0,0.5862578
1.0,0.5523851
1.0,0.38975462
1.0,0.68272
1.0,0.8816162
1.0,0.7078593
1.0,0.9080983
1.0,0.34218362
1.0,0.48639062
1.0,0.50719464
1.0,0.20162053
1.0,0.86588794
1.0,0.9147766
1.0,0.36353865
1.0,0.99983025
1.0,0.9744777
1.0,0.900114
1.0,0.7356182
1.0,0.63912743
1.0,0.3462588
1.0,0.39840773
1.0,0.43591923
1.0,0.68849736
1.0,0.84578645
1.0,0.5472955
1.0,0.5320485
1.0,0.20332491
1.0,0.25015992
1.0,0.36368442
1.0,0.25681996
1.0,0.5434246
1.0,0.78206015
1.0,0.3057192
1.0,0.8955391
1.0,0.9570308
1.0,0.77895874
1.0,0.8445197
1.0,0.5877244
1.0,0.61233824
1.0,0.33707392
1.0,0.29867
1.0,0.7765699
1.0,0.6670278
1.0,0.94208324
1.0,0.39114872
1.0,0.27886042
1.0,0.9924149
1.0,0.8648457
1.0,0.6686007
1.0,0.9786659
1.0,0.3177097
1.0,0.33707392
1.0,0.8435695
1.0,0.82003
1.0,0.9999999
1.0,0.39788023
1.0,0.9999198
1.0,0.43996575
1.0,0.3221981
1.0,0.9999652
1.0,0.4440586
1.0,0.6122571
1.0,0.99995625
1.0,0.9629924
1.0,0.3119996
1.0,0.51307845
1.0,0.9160844
1.0,0.44953018
1.0,0.9981833
1.0,0.9937125
1.0,0.98329043
1.0,0.21983546
1.0,0.548029
1.0,0.51208216
1.0,0.26877144
1.0,0.8660112
1.0,0.49471605
1.0,0.43330348
1.0,0.87903607
1.0,0.20541005
1.0,0.5329629
1.0,0.37276572
1.0,0.56326157
1.0,0.9890275
1.0,0.99999607
1.0,0.99999607
1.0,0.64207083
1.0,0.3550768
1.0,0.9993636
1.0,0.65233755
1.0,0.8836888
1.0,0.7975146
1.0,0.7167183
1.0,0.60471106
1.0,0.50871736
1.0,0.52703595
1.0,0.42129233
1.0,1.0
1.0,0.88282096
1.0,0.18927187
1.0,0.9999993
1.0,0.2860532
1.0,0.4675398
1.0,0.98277664
1.0,0.99992573
1.0,0.6623805
1.0,0.13423225
1.0,0.86914897
1.0,0.99816304
1.0,0.39564717
1.0,0.27049205
1.0,0.86330724
1.0,0.35550168
1.0,0.43260753
1.0,0.9983479
1.0,0.54671776
1.0,0.47278175
1.0,0.71615905
1.0,0.97827256
1.0,0.6665216
1.0,0.70749867
1.0,0.5751953
1.0,0.4221499
1.0,0.55517
1.0,0.64865154
1.0,0.99547607
1.0,0.99980813
1.0,0.60544497
1.0,0.98351926
1.0,0.62690276
1.0,0.780733
1.0,0.9012597
1.0,0.3165812
1.0,0.57850885
1.0,0.25458163
1.0,0.60303104
1.0,0.9522154
1.0,0.8048058
1.0,0.6149604
1.0,0.43368098
1.0,0.43368098
1.0,0.684642
1.0,0.23021391
1.0,0.6285438
1.0,0.25180084
1.0,0.9995511
1.0,0.5856921
1.0,0.36825937
1.0,0.30200446
1.0,0.9974546
1.0,0.999584
1.0,0.4469048
1.0,0.8631789
1.0,0.5713523
1.0,0.9998934
1.0,0.24583103
1.0,0.26345062
1.0,0.99998164
1.0,0.6985214
1.0,0.5742026
1.0,0.6636947
1.0,0.92463094
1.0,0.55407304
1.0,0.9997365
1.0,0.46650562
1.0,0.669908
1.0,0.7474068
1.0,0.73167163
1.0,0.9999988
1.0,0.7802388
1.0,0.7209338
1.0,0.75581086
1.0,0.47415212
1.0,0.32385024
1.0,0.8830973
1.0,0.9543608
1.0,0.38145176
1.0,0.9731963
1.0,0.99996674
1.0,0.6826355
1.0,0.32533425
1.0,0.9988242
1.0,0.9999714
1.0,0.46184346
1.0,0.3518906
1.0,1.0
1.0,0.3080101
1.0,0.9298607
1.0,0.99749005
1.0,0.9997181
1.0,0.73607576
1.0,0.99933773
1.0,0.46160716
1.0,0.47153375
1.0,0.39294448
1.0,0.37174016
1.0,0.7246297
1.0,0.539654
1.0,0.3525083
1.0,0.54133093
1.0,0.29897553
1.0,0.7368268
1.0,0.5636881
1.0,0.47275078
1.0,0.6278538
1.0,0.6169566
1.0,0.30299005
1.0,0.492481
1.0,0.31418583
1.0,0.26818842
1.0,0.9999032
1.0,0.8186116
1.0,1.0
1.0,0.69761926
1.0,0.8212879
1.0,0.96724075
1.0,0.45281965
1.0,0.9994178
1.0,0.38471627
1.0,0.46992975
1.0,0.67025995
1.0,0.9982591
1.0,0.47445878
1.0,0.6033573
1.0,0.36767069
1.0,0.9999876
1.0,0.6544583
1.0,0.30927065
1.0,0.9999275
1.0,0.7265338
1.0,0.25902462
1.0,0.6213359
1.0,0.4703649
1.0,0.3435549
1.0,0.690003
1.0,0.29589334
1.0,0.18722357
1.0,0.47463974
1.0,0.6773938
1.0,0.56245494
1.0,0.40115646
1.0,0.86022395
1.0,0.33829725
1.0,0.4148561
1.0,0.4291995
1.0,0.31417736
1.0,0.5499497
1.0,0.99972516
1.0,0.9992093
1.0,0.31858796
1.0,0.90496886
1.0,0.9999901
1.0,0.70725155
1.0,0.42967767
1.0,0.92356205
1.0,0.8483536
1.0,0.9994623
1.0,0.9512989
1.0,1.0
1.0,0.2919839
1.0,0.40524942
1.0,0.24160053
1.0,0.44388264
1.0,0.92826045
1.0,0.8380225
1.0,0.3559627
1.0,0.25873515
1.0,0.38213733
1.0,0.3588973
1.0,0.41477442
1.0,0.27318066
1.0,0.45628995
1.0,0.2607246
1.0,0.329051
1.0,0.9999132
1.0,0.99999964
1.0,0.49114034
1.0,0.7289219
1.0,0.30692947
1.0,0.9779147
1.0,0.93015033
1.0,0.5350475
1.0,0.30293083
1.0,0.6304468
1.0,0.71814376
1.0,0.55223686
1.0,0.8987478
1.0,0.7617349
1.0,0.6452835
1.0,0.40394282
1.0,0.99999726
1.0,0.4388166
1.0,0.78796124
1.0,0.8851101
1.0,0.3651116
1.0,0.5793403
1.0,0.2605184
1.0,1.0
1.0,0.53682345
1.0,0.55525434
1.0,0.3735081
1.0,0.99814725
1.0,0.40582418
1.0,0.515378
1.0,0.7381678
1.0,0.45654038
1.0,0.99987316
1.0,0.98606366
1.0,0.22061588
1.0,0.3462876
1.0,0.3282919
1.0,0.37191328
1.0,0.536283
1.0,0.467757
1.0,0.31086022
1.0,0.34377885
1.0,0.34716222
1.0,0.7736403
1.0,0.44791627
1.0,0.25593388
1.0,0.6401215
1.0,0.6421558
1.0,0.53591526
1.0,0.4741878
1.0,0.623998
1.0,0.6580699
1.0,0.31345174
1.0,0.9500728
1.0,0.5051148
1.0,0.97622114
1.0,0.88977677
1.0,0.33256426
1.0,0.571189
1.0,0.5601874
1.0,0.747285
1.0,0.36210865
1.0,0.6232605
1.0,0.65776116
1.0,0.6592645
1.0,0.50701445
1.0,0.58216965
1.0,0.5248673
1.0,0.97713256
1.0,0.51661927
1.0,0.56115353
1.0,0.38854626
1.0,0.88016707
1.0,0.9606463
1.0,0.9998555
1.0,0.61285996
1.0,0.9948226
1.0,0.25223193
1.0,0.45235482
1.0,0.29018435
1.0,0.26960915
1.0,0.999972
1.0,0.30790552
1.0,0.99980885
1.0,0.4861844
1.0,0.482904
1.0,0.47418436
1.0,0.48040053
1.0,0.16984081
1.0,0.468787
1.0,0.99947304
1.0,0.34485552
1.0,0.9786638
1.0,0.31889346
1.0,0.45763126
1.0,0.99990714
1.0,0.712695
1.0,0.9234508
1.0,0.961102
1.0,0.99215215
1.0,0.48034495
1.0,0.65167075
1.0,0.9457496
1.0,0.78953725
1.0,0.44784513
1.0,0.61369866
1.0,0.33900154
1.0,0.4086233
1.0,0.68202764
1.0,0.6572944
1.0,0.48562914
1.0,0.47254226
1.0,0.9935781
1.0,0.91354305
1.0,0.52531344
1.0,0.804023
1.0,0.44748932
1.0,0.58019924
1.0,0.48768613
1.0,0.5064835
1.0,0.6580031
1.0,0.89770603
1.0,0.31399846
1.0,0.40244347
1.0,0.5303675
1.0,0.7041135
1.0,0.8346409
1.0,0.4840947
1.0,0.33054554
1.0,0.8149147
1.0,0.49504566
1.0,0.69139004
1.0,0.99995375
1.0,0.30420038
1.0,0.30420035
1.0,0.42194617
1.0,0.99998474
1.0,0.38821498
1.0,0.419305
1.0,0.9950216
1.0,0.9333821
1.0,0.34329358
1.0,0.32029715
1.0,0.9658473
1.0,0.3643751
1.0,0.99944013
1.0,0.70428336
1.0,0.5964013
1.0,0.99965656
1.0,0.52335066
1.0,0.9999479
1.0,0.51631147
1.0,0.46914813
1.0,0.5685504
1.0,0.86520404
1.0,0.9982475
1.0,0.5963541
1.0,0.40304092
1.0,0.4301749
1.0,0.7865477
1.0,0.67149895
1.0,0.47431898
1.0,0.8053981
1.0,0.6138466
1.0,0.88379
1.0,0.9999229
1.0,1.0
1.0,0.67137897
1.0,0.3838563
1.0,0.99676824
1.0,0.5606828
1.0,0.45807388
1.0,0.33971733
1.0,0.9999393
1.0,0.5251157
1.0,0.5094376
1.0,0.817874
1.0,0.49879557
1.0,0.7467312
1.0,0.40914407
1.0,0.2836273
1.0,0.21679808
1.0,0.38127616
1.0,0.62082547
1.0,0.9999336
1.0,0.9982942
1.0,0.5510854
1.0,0.25961277
1.0,1.0
1.0,0.6644638
1.0,0.96997684
1.0,0.38359118
1.0,0.34875506
1.0,0.9621581
1.0,0.41006035
1.0,0.3169911
1.0,0.40922114
1.0,0.94693965
1.0,0.90688705
1.0,0.79635173
1.0,0.9937423
1.0,0.2561096
1.0,0.9711241
1.0,0.38133937
1.0,0.9649383
1.0,0.5466881
1.0,0.4550565
1.0,0.69863725
1.0,0.7791574
1.0,0.8907104
1.0,0.5540189
1.0,0.9536624
1.0,0.32168818
1.0,0.9999988
1.0,0.5536494
1.0,0.9995542
1.0,0.9725041
1.0,0.7646989
1.0,0.4533278
1.0,0.95055175
1.0,0.9999999
1.0,0.6605936
1.0,0.57257396
1.0,0.5974864
1.0,0.8405733
1.0,0.46062005
1.0,0.4108231
1.0,1.0
1.0,0.5368125
1.0,0.43257743
1.0,0.41067803
1.0,0.2663688
1.0,0.37234294
1.0,0.5237071
1.0,0.30690753
1.0,0.9886658
1.0,0.45523968
1.0,0.8569067
1.0,0.3143595
1.0,0.98914856
1.0,0.44647756
1.0,0.4372633
1.0,0.94136447
1.0,0.29161525
1.0,0.71840274
1.0,0.8925027
1.0,0.44123203
1.0,0.3864633
1.0,0.48206866
1.0,0.86050206
1.0,0.33707392
1.0,0.9814011
1.0,0.2905006
1.0,0.45449284
1.0,0.9999902
1.0,0.27098113
1.0,0.6351517
1.0,0.9768754
1.0,0.4343891
1.0,0.52938414
1.0,0.9999937
1.0,0.9711846
1.0,0.85184556
1.0,0.424071
1.0,0.9995515
1.0,0.4498827
1.0,0.24993078
1.0,0.40766472
1.0,0.45493987
1.0,0.27485716
1.0,0.46351853
1.0,0.5254245
1.0,0.99357116
1.0,0.54590344
1.0,0.7169453
1.0,0.4527847
1.0,0.60192055
1.0,0.35393816
1.0,0.99999654
1.0,0.927961
1.0,0.82208824
1.0,0.33707392
1.0,0.4162372
1.0,0.9999995
1.0,0.99999964
1.0,0.50532246
1.0,0.2952786
1.0,0.33640602
1.0,0.9998282
1.0,0.43492848
1.0,0.4319763
1.0,0.53166443
1.0,0.44470146
1.0,0.70664346
1.0,0.41054565
1.0,0.5933856
1.0,0.9999641
1.0,0.5539941
1.0,0.6282027
1.0,0.35649005
1.0,0.7951306
1.0,0.6013924
1.0,0.88377076
1.0,0.830714
1.0,0.9993042
1.0,0.49933594
1.0,0.765189
1.0,0.96172845
1.0,0.89049894
1.0,0.7145275
1.0,0.35842696
1.0,0.23217878
1.0,0.99621814
1.0,0.62082237
1.0,0.42262992
1.0,0.99999225
1.0,0.26510373
1.0,0.75861853
1.0,0.9770741
1.0,0.3298532
1.0,0.419917
1.0,0.98969847
1.0,0.42749614
1.0,0.99742633
1.0,0.5607417
1.0,0.3643622
1.0,0.282909
1.0,0.9960252
1.0,0.7236385
1.0,0.8226926
1.0,0.33707392
1.0,0.2892167
1.0,0.50354356
1.0,0.9978126
1.0,0.64428234
1.0,0.36422655
1.0,0.77260035
1.0,0.999913
1.0,0.37465012
1.0,0.6566231
1.0,0.63238794
1.0,0.46067363
1.0,0.73015743
1.0,0.9799636
1.0,0.37479842
1.0,0.78957134
1.0,0.33707392
1.0,0.31656206
1.0,0.2712264
1.0,0.40292993
1.0,0.9947339
1.0,0.9878692
1.0,0.68498784
1.0,0.89315003
1.0,0.4972097
1.0,0.49490207
1.0,1.0
1.0,0.9999877
1.0,0.40508294
1.0,0.39545715
1.0,0.9948053
1.0,0.5096812
1.0,0.6771252
1.0,0.987789
1.0,0.24579091
1.0,0.70410305
1.0,0.4114671
1.0,0.26586914
1.0,0.53675795
1.0,0.9384215
1.0,0.996148
1.0,0.49862352
1.0,0.707462
1.0,0.25531876
1.0,0.937019
1.0,0.39079025
1.0,0.31839344
1.0,0.768395
1.0,0.9081491
1.0,0.9996152
1.0,0.4435432
1.0,0.6283961
1.0,0.8537313
1.0,0.9996736
1.0,0.99999535
1.0,0.8146986
1.0,0.47348323
1.0,0.99999845
1.0,0.77322006
1.0,0.5920087
1.0,0.24968027
1.0,0.7102792
1.0,0.74821866
1.0,0.999997
1.0,0.58055633
1.0,0.9968989
1.0,0.33707392
1.0,0.963297
1.0,0.43586695
1.0,0.9872257
1.0,0.6167886
1.0,0.9074812
1.0,0.47543535
1.0,0.5427153
1.0,0.4148816
1.0,0.5521518
1.0,0.4768486
1.0,0.35214064
1.0,0.99981254
1.0,0.8295226
1.0,0.98782027
1.0,0.7631919
1.0,0.42915356
1.0,0.47023475
1.0,0.5705567
1.0,0.6299253
1.0,0.3626162
1.0,0.30614167
1.0,0.999985
1.0,0.9999263
1.0,0.59292436
1.0,0.58390445
1.0,0.46581706
1.0,0.8480562
1.0,0.35536304
1.0,0.69667804
1.0,0.369215
1.0,0.5513924
1.0,0.3979994
1.0,0.7525366
1.0,0.4937826
1.0,0.66473955
1.0,0.26166958
1.0,0.42278844
1.0,0.9999919
1.0,0.5700973
1.0,0.97964865
1.0,0.5144482
1.0,0.27290827
1.0,0.79491526
1.0,0.7987729
1.0,0.52333575
1.0,0.5120436
1.0,0.30086884
1.0,0.65215266
1.0,0.5909056
1.0,0.97248894
1.0,0.84010905
1.0,0.7941924
1.0,0.9973127
1.0,0.99404585
1.0,0.48178625
1.0,0.5845545
1.0,0.60604167
1.0,0.68783194
1.0,0.4136552
1.0,0.9138731
1.0,0.39992264
1.0,0.9133229
1.0,0.4101498
1.0,0.37183902
1.0,0.4162431
1.0,0.99972993
1.0,0.2530936
1.0,0.3713787
1.0,0.62666327
1.0,0.9992029
1.0,0.79122984
1.0,0.99979454
1.0,0.9999356
1.0,0.57027495
1.0,0.99992526
1.0,0.40653953
1.0,0.9999026
1.0,0.9977714
1.0,0.58019733
1.0,0.50873137
1.0,0.24488625
1.0,0.6757698
1.0,0.9919274
1.0,0.41526425
1.0,0.25414973
1.0,0.97977644
1.0,0.3790187
1.0,0.5453047
1.0,0.9997844
1.0,0.52743036
1.0,0.57188064
1.0,0.24133213
1.0,0.41488805
1.0,0.9994281
1.0,0.3135531
1.0,0.6359941
1.0,0.8261226
1.0,0.99834
1.0,0.8105068
1.0,0.7921157
1.0,0.663788
1.0,0.8254268
1.0,0.6597044
1.0,0.9952245
1.0,0.99979204
1.0,0.99999344
1.0,0.9274378
1.0,0.9999057
1.0,0.95756745
1.0,0.24227239
1.0,0.9950446
1.0,0.7752541
1.0,0.38220504
1.0,0.9832896
1.0,0.4137311
1.0,0.36821455
1.0,0.5656619
1.0,0.3118699
1.0,0.4805988
1.0,0.99999523
1.0,0.5207153
1.0,0.45939794
1.0,0.568376
1.0,0.61771756
1.0,0.4763361
1.0,0.97124946
1.0,0.7695596
1.0,0.6061016
1.0,0.2900881
1.0,0.99989235
1.0,0.30970445
1.0,0.27636632
1.0,0.81915647
1.0,0.68463504
1.0,0.6279602
1.0,0.43713233
1.0,0.9772291
1.0,0.37736824
1.0,0.77532333
1.0,1.0
1.0,0.49078
1.0,0.54792756
1.0,0.463593
1.0,0.9265611
1.0,0.999132
1.0,0.573392
1.0,0.6364023
1.0,0.355297
1.0,0.9944238
1.0,0.35457522
1.0,0.20030886
1.0,0.84738994
1.0,0.84865034
1.0,0.3308963
1.0,0.23814641
1.0,0.61129975
1.0,0.386863
1.0,0.8957892
1.0,0.9611754
1.0,0.6625764
1.0,0.9981887
1.0,0.42094424
1.0,0.30252728
1.0,0.99837685
1.0,0.95694655
1.0,0.43703014
1.0,0.8965714
1.0,0.4238489
1.0,0.45068392
1.0,0.33707392
1.0,0.4233283
1.0,0.99999857
1.0,0.6674804
1.0,0.4509281
1.0,0.99979347
1.0,1.0
1.0,0.9999999
1.0,0.998408
1.0,0.3274244
1.0,0.9999981
1.0,0.99999607
1.0,0.4723586
1.0,0.16899961
1.0,0.42703342
1.0,0.99811137
1.0,0.9989053
1.0,0.9999745
1.0,0.77580994
1.0,0.6141546
1.0,0.35476354
1.0,0.3203338
1.0,0.5243229
1.0,0.27608258
1.0,0.99868506
1.0,0.51282907
1.0,0.29590482
1.0,0.5863151
1.0,0.9935818
1.0,0.999995
1.0,0.8102752
1.0,0.75353813
1.0,0.35735124
1.0,0.34954014
1.0,0.97553796
1.0,0.9996443
1.0,0.5173947
1.0,0.5728419
1.0,0.9930727
1.0,0.99948126
1.0,0.40383753
1.0,0.42793807
1.0,1.0
1.0,0.43877077
1.0,0.56586045
1.0,0.9999696
1.0,0.99975926
1.0,0.843308
1.0,0.4536094
1.0,0.26150396
1.0,0.6847374
1.0,0.3638701
1.0,0.2815398
1.0,0.4594718
1.0,0.999757
1.0,0.56994945
1.0,0.9999994
1.0,0.9187898
1.0,0.8145751
1.0,0.39902958
1.0,0.51886517
1.0,0.28828388
1.0,0.46594167
1.0,0.9990337
1.0,0.3208642
1.0,0.99972254
1.0,0.5858772
1.0,0.39927864
1.0,0.9746201
1.0,0.9496861
1.0,0.9260732
1.0,0.4248675
1.0,0.5161575
1.0,0.9864136
1.0,0.997311
1.0,0.44825205
1.0,0.3812079
1.0,0.5781562
1.0,0.6119107
1.0,0.35210547
1.0,0.7410076
1.0,0.64278394
1.0,0.39263752
1.0,0.29397413
1.0,0.41883373
1.0,1.0
1.0,0.97909045
1.0,0.5388445
1.0,0.18933475
1.0,0.2623958
1.0,0.31052467
1.0,0.39125395
1.0,0.9999964
1.0,0.9633919
1.0,0.57749385
1.0,0.66234875
1.0,0.19022477
1.0,0.9439098
1.0,0.84154814
1.0,0.37500876
1.0,0.3764424
1.0,0.7598483
1.0,0.9686101
1.0,0.4923181
1.0,0.9150618
1.0,0.50117004
1.0,0.45272633
1.0,0.5550834
1.0,0.5183234
1.0,0.96269286
1.0,0.25405592
1.0,0.944466
1.0,0.98356056
1.0,0.99999976
1.0,0.28122997
1.0,0.56878954
1.0,0.9998474
1.0,0.99498075
1.0,0.3174645
1.0,0.7774615
1.0,0.55531496
1.0,0.21449192
1.0,0.4023104
1.0,0.7681742
1.0,0.6637684
1.0,0.34221733
1.0,0.43087584
1.0,0.53914875
1.0,0.54091674
1.0,0.3576935
1.0,0.41130862
1.0,0.87618846
1.0,0.3770633
1.0,0.75887156
1.0,0.39271474
1.0,0.9999596
1.0,0.8703404
1.0,0.54868495
1.0,0.24095342
1.0,0.99999785
1.0,0.5001531
1.0,0.75856185
1.0,0.99999976
1.0,0.40959328
1.0,0.43327752
1.0,0.38889217
1.0,0.4626764
1.0,0.45102012
1.0,0.6530841
1.0,0.3149612
1.0,0.21973366
1.0,0.79572976
1.0,0.99822825
1.0,0.4873473
1.0,0.97529924
1.0,0.95511067
1.0,0.2830867
1.0,0.6052946
1.0,0.4519389
1.0,0.99477047
1.0,0.8862837
1.0,0.9952655
1.0,0.7006435
1.0,0.5605688
1.0,0.2188272
1.0,0.48702317
1.0,0.91520643
1.0,0.9999999
1.0,0.6921331
1.0,0.41093183
1.0,0.8678975
1.0,0.39851156
1.0,0.9999943
1.0,0.57827806
1.0,0.4425686
1.0,0.4345826
1.0,0.9432972
1.0,0.56225413
1.0,0.37586594
1.0,0.99258065
1.0,0.92505074
1.0,0.4482028
1.0,0.30535242
1.0,0.16622218
1.0,0.60616213
1.0,0.3410543
1.0,0.25096318
1.0,0.999482
1.0,0.3147303
1.0,0.48944855
1.0,0.7379108
1.0,0.28871724
1.0,0.42992565
1.0,0.61371225
1.0,0.94099635
1.0,0.9972898
1.0,0.32142326
1.0,0.33891153
1.0,0.33891156
1.0,0.69299275
1.0,0.99999464
1.0,0.25210986
1.0,0.5158704
1.0,0.36275983
1.0,0.44720635
1.0,0.96638775
1.0,0.6087768
1.0,0.9997545
1.0,0.35418516
1.0,0.9981363
1.0,0.99920565
1.0,0.62287754
1.0,0.99939847
1.0,0.78807265
1.0,0.41144717
1.0,0.38964805
1.0,0.19961289
1.0,0.3290395
1.0,0.4163462
1.0,0.6056954
1.0,0.4447892
1.0,0.614082
1.0,0.87493956
1.0,0.7522038
1.0,0.86362934
1.0,0.4084347
1.0,0.2385313
1.0,0.7040674
1.0,0.28744298
1.0,0.95341915
1.0,0.96235037
1.0,0.99988806
1.0,0.36870614
1.0,0.5826065
1.0,0.26295343
1.0,0.3381113
1.0,0.7573887
1.0,0.59592223
1.0,0.46957505
1.0,0.49882105
1.0,0.3877183
1.0,0.9999845
1.0,0.9998776
1.0,0.34372222
1.0,0.5981751
1.0,0.58026475
1.0,0.5410718
1.0,0.6127301
1.0,0.9999999
1.0,0.7382902
1.0,0.5269269
1.0,0.97742623
1.0,0.6436009
1.0,0.82175964
1.0,0.649661
1.0,0.9991177
1.0,0.58189267
1.0,0.5377622
1.0,0.6753321
1.0,0.9990074
1.0,0.3184672
1.0,0.34654957
1.0,0.9978637
1.0,0.8798009
1.0,0.8148431
1.0,0.5599493
1.0,0.41214004
1.0,0.99971765
1.0,0.5410694
1.0,0.84635705
1.0,0.28893724
1.0,0.6005602
1.0,0.39409506
1.0,0.9999974
1.0,0.9999348
1.0,0.8954514
1.0,0.32741717
1.0,0.42370278
1.0,0.3710355
1.0,0.5782143
1.0,0.33707392
1.0,0.40635747
1.0,0.2755365
1.0,0.9999565
1.0,0.99032253
1.0,0.99996424
1.0,0.3354019
1.0,0.44712552
1.0,0.46771288
1.0,0.72353786
1.0,0.98276293
1.0,0.97513324
1.0,0.9076579
1.0,0.29606372
1.0,0.40653825
1.0,0.9983346
1.0,0.658677
1.0,0.31908324
1.0,0.5216207
1.0,0.19663224
1.0,0.91517603
1.0,0.28200918
1.0,1.0
1.0,0.98748046
1.0,0.4973787
1.0,0.86672163
1.0,0.6053696
1.0,0.43630728
1.0,0.9004316
1.0,0.5662046
1.0,0.23678817
1.0,0.3988295
1.0,0.4419209
1.0,0.9999033
1.0,0.22271475
1.0,0.91029364
1.0,0.50510377
1.0,0.36431476
1.0,0.66761506
1.0,0.98631257
1.0,0.8553431
1.0,0.40561593
1.0,0.71436936
1.0,0.48383728
1.0,0.79203343
1.0,0.3482083
1.0,0.38649997
1.0,0.8240309
1.0,0.99922585
1.0,0.40727985
1.0,0.47243917
1.0,0.46543834
1.0,0.99961424
1.0,0.99670535
1.0,0.290808
1.0,0.94911116
1.0,0.4074291
1.0,0.7387612
1.0,0.9999682
1.0,0.7972168
1.0,0.84355843
1.0,0.3493109
1.0,0.5395602
1.0,0.9929478
1.0,0.4118713
1.0,0.46439877
1.0,0.34978542
1.0,0.34057307
1.0,0.5038557
1.0,0.6066719
1.0,0.88798916
1.0,0.49380556
1.0,0.18483256
1.0,0.3331837
1.0,0.9997545
1.0,0.9999924
1.0,0.8540609
1.0,0.31040087
1.0,0.99438983
1.0,0.31318083
1.0,0.33706367
1.0,0.33309126
1.0,0.8614223
1.0,0.9999188
1.0,0.90041673
1.0,0.80363524
1.0,0.22972968
1.0,0.6872402
1.0,0.5255282
1.0,0.37577656
1.0,0.2901066
1.0,0.39006105
1.0,0.9999988
1.0,0.927324
1.0,0.65632826
1.0,0.8265323
1.0,0.30555147
1.0,0.94095826
1.0,0.5049295
1.0,0.33925456
1.0,0.6289502
1.0,0.99310064
1.0,0.6463038
1.0,0.39400563
1.0,0.9107533
1.0,0.8621093
1.0,0.3110146
1.0,1.0
1.0,0.33660778
1.0,0.67317927
1.0,0.9961351
1.0,0.3031589
1.0,0.5125171
1.0,0.4564347
1.0,0.9886906
1.0,0.53369606
1.0,0.6256169
1.0,0.3498028
1.0,0.3013865
1.0,0.4258148
1.0,0.2798219
1.0,0.3172965
1.0,0.20692684
1.0,0.5249264
1.0,0.59894705
1.0,0.25340244
1.0,0.3917008
1.0,0.53721344
1.0,0.95605934
1.0,0.30048615
1.0,0.9166634
1.0,0.9915097
1.0,0.57516414
1.0,0.40545532
1.0,0.99874085
1.0,0.7726742
1.0,0.99999976
1.0,0.99797493
1.0,0.4196054
1.0,0.40744507
1.0,0.9419203
1.0,0.33398992
1.0,0.5200773
1.0,0.99156284
1.0,0.33190358
1.0,0.6542459
1.0,0.49613276
1.0,0.99992144
1.0,0.4929519
1.0,0.8304143
1.0,0.55862516
1.0,0.9999995
1.0,0.48347476
1.0,0.6551526
1.0,0.9849253
1.0,0.8993595
1.0,0.38625753
1.0,0.2673745
1.0,0.9464277
1.0,0.9999994
1.0,0.67569333
1.0,0.663028
1.0,0.5073721
1.0,0.58186877
1.0,0.93984354
1.0,0.57424766
1.0,0.9987054
1.0,0.46006832
1.0,0.44454676
1.0,0.5117307
1.0,0.9297393
1.0,0.28713396
1.0,0.9992735
1.0,0.5459026
1.0,0.48624223
1.0,0.47080058
1.0,0.552739
1.0,0.6341241
1.0,0.5773401
1.0,0.5003228
1.0,0.5599595
1.0,0.3897845
1.0,0.734264
1.0,0.88350034
1.0,0.5847237
1.0,0.3711357
1.0,0.5407534
1.0,0.33720565
1.0,0.99996805
1.0,0.9336162
1.0,0.997292
1.0,0.5653839
1.0,0.99443
1.0,0.28353962
1.0,0.99600667
1.0,0.5158035
1.0,0.59719235
1.0,0.29680556
1.0,0.66778314
1.0,0.7843261
1.0,0.94798476
1.0,0.57431996
1.0,0.91902465
1.0,0.6922448
1.0,0.99998426
1.0,0.33069003
1.0,0.50953424
1.0,0.5063347
1.0,0.096212536
1.0,0.4504708
1.0,0.36081785
1.0,0.45228702
1.0,0.64747113
1.0,0.50094956
1.0,0.99998486
1.0,0.44485116
1.0,0.7877797
1.0,0.47119015
1.0,0.5435063
1.0,0.9888997
1.0,1.0
1.0,0.6483892
1.0,0.3418373
1.0,0.44441694
1.0,0.5121058
1.0,0.7938321
1.0,0.370312
1.0,0.9361894
1.0,0.6112808
1.0,0.25246853
1.0,0.25246853
1.0,0.70809746
1.0,0.9949857
1.0,0.99923396
1.0,0.5932195
1.0,0.5970384
1.0,0.53593737
1.0,0.52370965
1.0,0.4736385
1.0,0.59263754
1.0,0.75943667
1.0,0.8049624
1.0,0.5208958
1.0,0.35313964
1.0,0.62886405
1.0,0.33255422
1.0,0.5444836
1.0,0.9941164
1.0,0.24457125
1.0,0.82184595
1.0,0.27267438
1.0,0.69969034
1.0,0.37714273
1.0,0.9388044
1.0,0.2697685
1.0,0.9299307
1.0,0.88961804
1.0,0.29726642
1.0,0.49335176
1.0,0.89906913
1.0,0.9988423
1.0,0.982635
1.0,0.9995834
1.0,0.9954118
1.0,0.67873234
1.0,0.7493142
1.0,0.44732204
1.0,0.99955314
1.0,0.6090811
1.0,0.9178136
1.0,0.5968045
1.0,0.59680444
1.0,0.4945642
1.0,0.94677687
1.0,0.36438662
1.0,0.8633793
1.0,0.734023
1.0,0.42436156
1.0,0.5811211
1.0,0.33707392
1.0,0.39849243
1.0,0.5490407
1.0,0.394758
1.0,0.57930535
1.0,0.9985989
1.0,0.62514454
1.0,0.38067827
1.0,0.9997024
1.0,0.69527566
1.0,0.32185116
1.0,0.39399287
1.0,0.9652545
1.0,0.6379045
1.0,0.9999999
1.0,0.65502304
1.0,0.3577911
1.0,0.55273837
1.0,0.9938139
1.0,0.99997544
1.0,0.87445104
1.0,0.99968827
1.0,1.0
1.0,0.6492471
1.0,0.9999995
1.0,0.67709965
1.0,0.6294769
1.0,0.9976659
1.0,0.3968096
1.0,0.6581249
1.0,0.43995324
1.0,0.4199053
1.0,0.9941742
1.0,0.49444723
1.0,0.97955155
1.0,0.7095996
1.0,0.9814108
1.0,0.7894319
1.0,0.42687598
1.0,0.94138974
1.0,0.5894882
1.0,0.22758901
1.0,0.9103943
1.0,0.37650478
1.0,0.46129906
1.0,0.33001474
1.0,0.36776003
1.0,0.5082712
1.0,0.5507203
1.0,0.74119425
1.0,0.9999727
1.0,0.42975774
1.0,0.9912055
1.0,0.9999995
1.0,0.23162994
1.0,0.99473464
1.0,0.3743972
1.0,0.55376023
1.0,0.48088014
1.0,0.9995295
1.0,0.6623022
1.0,0.64251864
1.0,0.7712593
1.0,0.8052915
1.0,0.9899742
1.0,0.2917635
1.0,0.83115876
1.0,0.99985766
1.0,0.84378606
1.0,0.9335126
1.0,0.98130095
1.0,0.2774625
1.0,0.7037312
1.0,0.7444185
1.0,0.38494012
1.0,0.46711135
1.0,0.7289986
1.0,0.4998525
1.0,0.5971732
1.0,0.9561326
1.0,0.93533236
1.0,0.9276618
1.0,0.46117747
1.0,0.38003236
1.0,0.98526335
1.0,0.19447763
1.0,0.8774418
1.0,0.19479878
1.0,0.99994874
1.0,0.7916439
1.0,0.33633035
1.0,0.28563777
1.0,0.29659864
1.0,0.7415986
1.0,0.99471635
1.0,0.44129127
1.0,0.621968
1.0,0.7963186
1.0,0.9997514
1.0,0.85342777
1.0,0.8751268
1.0,0.8303841
1.0,0.55745476
1.0,0.5297466
1.0,0.82295483
1.0,0.96774685
0.0,0.37708467
0.0,0.1808003
0.0,0.53208196
0.0,0.79942566
0.0,0.57000625
0.0,0.71260905
0.0,0.34410676
0.0,0.19719638
0.0,0.51121557
0.0,0.55561817
0.0,0.5493708
0.0,0.18277901
0.0,0.5475308
0.0,0.532574
0.0,0.16576473
0.0,0.32646254
0.0,0.28146002
0.0,0.85686654
0.0,0.41454276
0.0,0.2511496
0.0,0.25378463
0.0,0.1162899
0.0,0.6832382
0.0,0.428219
0.0,0.6781177
0.0,0.37362528
0.0,0.35838708
0.0,0.21177137
0.0,0.1868974
0.0,0.23109192
0.0,0.15581228
0.0,0.44123974
0.0,0.40445563
0.0,0.33020955
0.0,0.21397194
0.0,0.90181214
0.0,0.22344333
0.0,0.6785941
0.0,0.52130675
0.0,0.35530213
0.0,0.14352599
0.0,0.3588679
0.0,0.27138937
0.0,0.332579
0.0,0.14659801
0.0,0.98251307
0.0,0.6028437
0.0,0.40322173
0.0,0.47007424
0.0,0.29385066
0.0,0.18088678
0.0,0.21858385
0.0,0.1875796
0.0,0.9011323
0.0,0.82198656
0.0,0.4915993
0.0,0.32147232
0.0,0.15593085
0.0,0.13292474
0.0,0.955369
0.0,0.33707392
0.0,0.34040505
0.0,0.2816845
0.0,0.48950362
0.0,0.061668433
0.0,0.1397354
0.0,0.99973196
0.0,0.2171097
0.0,0.2757803
0.0,0.49804547
0.0,0.5362364
0.0,0.44475362
0.0,0.48041126
0.0,0.3890612
0.0,0.16521251
0.0,0.22220322
0.0,0.71088344
0.0,0.28649417
0.0,0.22441962
0.0,0.18738548
0.0,0.22326122
0.0,0.19488798
0.0,0.53334534
0.0,0.22148317
0.0,0.91529727
0.0,0.33707392
0.0,0.91373897
0.0,0.2010788
0.0,0.31399846
0.0,0.13820004
0.0,0.351051
0.0,0.25290784
0.0,0.4027576
0.0,0.6584394
0.0,0.9573822
0.0,0.6272287
0.0,0.26384377
0.0,0.22335015
0.0,0.27316853
0.0,0.2936751
0.0,0.21904653
0.0,0.14159663
0.0,0.11312298
0.0,0.8549372
0.0,0.22344184
0.0,0.3077336
0.0,0.24321675
0.0,0.42104736
0.0,0.6181627
0.0,0.3999119
0.0,0.13009724
0.0,0.89226806
0.0,0.19326201
0.0,0.16375962
0.0,0.29782894
0.0,0.7156826
0.0,0.22322327
0.0,0.24021369
0.0,0.16400777
0.0,0.31670412
0.0,0.48552468
0.0,0.36136276
0.0,0.7874629
0.0,0.26942995
0.0,0.31989738
0.0,0.20279174
0.0,0.12732033
0.0,0.23326804
0.0,0.082703695
0.0,0.24805205
0.0,0.33707392
0.0,0.18227606
0.0,0.99999964
0.0,0.1376691
0.0,0.25333205
0.0,0.25307384
0.0,0.3576838
0.0,0.27424803
0.0,0.27933767
0.0,0.19276235
0.0,0.2816562
0.0,0.44808337
0.0,0.30973503
0.0,0.26255807
0.0,0.19523583
0.0,0.75015724
0.0,0.13805854
0.0,0.20933342
0.0,0.54326504
0.0,0.5870325
0.0,0.39453787
0.0,0.46117267
0.0,0.6901281
0.0,0.5821216
0.0,0.6656883
0.0,0.28188094
0.0,0.2181679
0.0,0.22310676
0.0,0.41684294
0.0,0.29637846
0.0,0.69632864
0.0,0.15703715
0.0,0.9886663
0.0,0.41263926
0.0,0.12122791
0.0,0.30205083
0.0,0.9139961
0.0,0.9139961
0.0,0.19214797
0.0,0.24897751
0.0,0.19363594
0.0,0.28753096
0.0,0.20509486
0.0,0.7197002
0.0,0.83371633
0.0,0.41249308
0.0,0.20791705
0.0,0.30254683
0.0,0.46051446
0.0,0.20664039
0.0,0.20564325
0.0,0.18930146
0.0,0.2180962
0.0,0.69438785
0.0,0.33499005
0.0,0.27759063
0.0,0.5072882
0.0,0.25418395
0.0,0.3751255
0.0,0.16483113
0.0,0.7582591
0.0,0.151324
0.0,0.25043547
0.0,0.15515675
0.0,0.47950783
0.0,0.14101776
0.0,0.20662585
0.0,0.17658427
0.0,0.33707392
0.0,0.2924557
0.0,0.5317339
0.0,0.18316609
0.0,0.21850963
0.0,0.3145165
0.0,0.21481666
0.0,0.22712325
0.0,0.21118692
0.0,0.44790238
0.0,0.4474433
0.0,0.18562734
0.0,0.19818783
0.0,0.18749963
0.0,0.2708049
0.0,0.5442171
0.0,0.70093733
0.0,0.26514158
0.0,0.276193
0.0,0.7274059
0.0,0.24029456
0.0,0.9380494
0.0,0.27098143
0.0,0.17072152
0.0,0.33707392
0.0,0.2793861
0.0,0.21578218
0.0,0.11342068
0.0,0.36475253
0.0,0.2940528
0.0,0.25721577
0.0,0.13956857
0.0,0.20945936
0.0,0.22046007
0.0,0.2962024
0.0,0.27702028
0.0,0.43580693
0.0,0.24285902
0.0,0.9995561
0.0,0.28535914
0.0,0.5079955
0.0,0.674273
0.0,0.28971606
0.0,0.27507567
0.0,0.3122563
0.0,0.1821339
0.0,0.84146184
0.0,0.32581517
0.0,0.49881002
0.0,0.08756279
0.0,0.07191104
0.0,0.22706963
0.0,0.40863517
0.0,0.2252071
0.0,0.20114821
0.0,0.59157926
0.0,0.33707392
0.0,0.19217098
0.0,0.27980393
0.0,0.6118402
0.0,0.52640575
0.0,0.20109911
0.0,0.2529913
0.0,0.27910182
0.0,0.30230185
0.0,0.2319755
0.0,0.535483
0.0,0.2753533
0.0,0.49631602
0.0,0.33707392
0.0,0.1504178
0.0,0.20400591
0.0,0.5701073
0.0,0.99999964
0.0,0.32225847
0.0,0.10560396
0.0,0.33707392
0.0,0.219395
0.0,0.26116586
0.0,0.106682725
0.0,0.111029446
0.0,0.24524651
0.0,0.963533
0.0,0.33707392
0.0,0.25223368
0.0,0.14925584
0.0,0.1540461
0.0,0.36449045
0.0,0.3167375
0.0,0.56537724
0.0,0.14006148
0.0,0.45645204
0.0,0.09120303
0.0,0.16132821
0.0,0.13130662
0.0,0.37756884
0.0,0.25432444
0.0,0.25464675
0.0,0.27543953
0.0,0.37725145
0.0,0.32488656
0.0,0.30617064
0.0,0.2711607
0.0,0.582487
0.0,0.21508484
0.0,0.09134596
0.0,0.11561148
0.0,0.20572272
0.0,0.24191713
0.0,0.20160925
0.0,0.25192437
0.0,0.6276118
0.0,0.26944712
0.0,0.22015221
0.0,0.2589455
0.0,0.2113158
0.0,0.7704648
0.0,0.22340846
0.0,0.1934816
0.0,0.44318616
0.0,0.61841613
0.0,0.830562
0.0,0.32390085
0.0,0.69519645
0.0,0.40376332
0.0,0.32375464
0.0,0.26865238
0.0,0.20404929
0.0,0.45530117
0.0,0.17540152
0.0,0.21611969
0.0,0.17133552
0.0,0.31064573
0.0,0.39872843
0.0,0.5222099
0.0,0.20688803
0.0,0.17634209
0.0,0.17849521
0.0,0.4385546
0.0,0.39752865
0.0,0.32994887
0.0,0.256225
0.0,0.31544462
0.0,0.4212275
0.0,0.11833165
0.0,0.29191723
0.0,0.18956187
0.0,0.23922534
0.0,0.21202059
0.0,0.2326556
0.0,0.45505062
0.0,0.24649426
0.0,0.12423056
0.0,0.24864785
0.0,0.10720691
0.0,0.8158604
0.0,0.6040639
0.0,0.27413678
0.0,0.22563992
0.0,0.13930613
0.0,0.23796664
0.0,0.33468097
0.0,0.10548716
0.0,0.40702644
0.0,0.7291141
0.0,0.30161336
0.0,0.3543839
0.0,0.43094987
0.0,0.22973308
0.0,0.09679109
0.0,0.23374605
0.0,0.19090989
0.0,0.35010383
0.0,0.33707392
0.0,0.2248214
0.0,0.17743686
0.0,0.8558461
0.0,0.50738084
0.0,0.59945726
0.0,0.86613613
0.0,0.20489709
0.0,0.24460457
0.0,0.2515714
0.0,0.4588477
0.0,0.5026497
0.0,0.18274689
0.0,0.25462943
0.0,0.08420502
0.0,0.24998307
0.0,0.37081087
0.0,0.23547128
0.0,0.20841001
0.0,0.7196844
0.0,0.55299616
0.0,0.8168394
0.0,0.11814609
0.0,0.11004632
0.0,0.5657415
0.0,0.688977
0.0,0.96419686
0.0,0.15013835
0.0,0.35573533
0.0,0.26056597
0.0,0.30651832
0.0,0.28747624
0.0,0.24948026
0.0,0.33715567
0.0,0.2684977
0.0,0.15082724
0.0,0.25839716
0.0,0.536096
0.0,0.37752134
0.0,0.30737805
0.0,0.30321893
0.0,0.58567166
0.0,0.17177658
0.0,0.54633653
0.0,0.13944842
0.0,0.42478085
0.0,0.29194328
0.0,0.2688093
0.0,0.08787422
0.0,0.2627167
0.0,0.113627136
0.0,0.54018134
0.0,0.43871418
0.0,0.26594764
0.0,0.86012596
0.0,0.18552203
0.0,0.15095095
0.0,0.36751366
0.0,0.81553894
0.0,0.21692137
0.0,0.23137258
0.0,0.23810595
0.0,0.28001678
0.0,0.05929362
0.0,0.27655748
0.0,0.30769056
0.0,0.5466515
0.0,0.24188407
0.0,0.22897488
0.0,0.54379684
0.0,0.19261761
0.0,0.26916522
0.0,0.5507465
0.0,0.23023258
0.0,0.23174462
0.0,0.3353062
0.0,0.21467349
0.0,0.16343148
0.0,0.24833979
0.0,0.19913983
0.0,0.16675259
0.0,0.09041362
0.0,0.34660003
0.0,0.43869674
0.0,0.24136351
0.0,0.22040316
0.0,0.15210892
0.0,0.25172055
0.0,0.22669722
0.0,0.3151479
0.0,0.3387772
0.0,0.2795771
0.0,0.13868259
0.0,0.14926532
0.0,0.73650336
0.0,0.3113953
0.0,0.49837273
0.0,0.22208662
0.0,0.3223641
0.0,0.95485497
0.0,0.67356426
0.0,0.6971797
0.0,0.7552884
0.0,0.2907622
0.0,0.25433898
0.0,0.08765246
0.0,0.15394801
0.0,0.35533908
0.0,0.08934942
0.0,0.1956589
0.0,0.15462747
0.0,0.14332631
0.0,0.15533352
0.0,0.23627438
0.0,0.2865798
0.0,0.7910303
0.0,0.33707392
0.0,0.33113453
0.0,0.21866955
0.0,0.09662802
0.0,0.23725785
0.0,0.27419516
0.0,0.26592016
0.0,0.9112151
0.0,0.31312943
0.0,0.16736011
0.0,0.7550068
0.0,0.19824603
0.0,0.19212417
0.0,0.41727144
0.0,0.39368922
0.0,0.49697822
0.0,0.21536191
0.0,0.3467482
0.0,0.17160754
0.0,0.3464465
0.0,0.2795351
0.0,0.2795351
0.0,0.36149842
0.0,0.077476926
0.0,0.567149
0.0,0.25685385
0.0,0.37304488
0.0,0.48209026
0.0,0.14204021
0.0,0.1453312
0.0,0.20573194
0.0,0.11731678
0.0,0.19173668
0.0,0.65959483
0.0,0.2959329
0.0,0.20857398
0.0,0.2678394
0.0,0.6711032
0.0,0.24941261
0.0,0.84837633
0.0,0.8869988
0.0,0.2660914
0.0,0.30195338
0.0,0.9543633
0.0,0.24364
0.0,0.23363581
0.0,0.4627504
0.0,0.9995123
0.0,0.17365886
0.0,0.2902518
0.0,0.36887562
0.0,0.3131291
0.0,0.11061471
0.0,0.65258133
0.0,0.090218395
0.0,0.24377847
0.0,0.22774154
0.0,0.103401236
0.0,0.088371135
0.0,0.54349226
0.0,0.6148227
0.0,0.13850966
0.0,0.7139674
0.0,0.866943
0.0,0.7716463
0.0,0.40489784
0.0,0.27051258
0.0,0.18656102
0.0,0.13643612
0.0,0.41916475
0.0,0.26701728
0.0,0.3040271
0.0,0.29348835
0.0,0.50095
0.0,0.994283
0.0,0.21253331
0.0,0.33777538
0.0,0.33143625
0.0,0.46439642
0.0,0.28854966
0.0,0.24542676
0.0,0.24542676
0.0,0.26651835
0.0,0.8382669
0.0,0.21963581
0.0,0.56565183
0.0,0.28299725
0.0,0.12289419
0.0,0.42353547
0.0,0.12663339
0.0,0.33707392
0.0,0.9538822
0.0,0.58545595
0.0,0.45237127
0.0,0.20800118
0.0,0.33707392
0.0,0.22859535
0.0,0.2649684
0.0,0.060726352
0.0,0.61270124
0.0,0.4892976
0.0,0.6408022
0.0,0.6747481
0.0,0.3586865
0.0,0.28687733
0.0,0.13560255
0.0,0.5071782
0.0,0.9916864
0.0,0.635894
0.0,0.7325734
0.0,0.19077481
0.0,0.978251
0.0,0.24355127
0.0,0.60521424
0.0,0.2562453
0.0,0.05512637
0.0,0.26794642
0.0,0.16544256
0.0,0.81280977
0.0,0.15231484
0.0,0.38699958
0.0,0.25590912
0.0,0.2059148
0.0,0.2704437
0.0,0.80343926
0.0,0.73553056
0.0,0.29646513
0.0,0.3603951
0.0,0.33707392
0.0,0.2512279
0.0,0.27372283
0.0,0.1387714
0.0,0.1536558
0.0,0.10785673
0.0,0.28536367
0.0,0.313272
0.0,0.49804822
0.0,0.75399405
0.0,0.43468976
0.0,0.9989196
0.0,0.2951885
0.0,0.24674502
0.0,0.46501973
0.0,0.63175726
0.0,0.3113052
0.0,0.27490556
0.0,0.26274523
0.0,0.27747664
0.0,0.61267245
0.0,0.20268229
0.0,0.11965519
0.0,0.17472652
0.0,0.56791353
0.0,0.23409806
0.0,0.23409803
0.0,0.21934061
0.0,0.88691837
0.0,0.2587177
0.0,0.3563025
0.0,0.16475461
0.0,0.394192
0.0,0.49403048
0.0,0.9999925
0.0,0.084418535
0.0,0.50493175
0.0,0.16558526
0.0,0.58370006
0.0,0.30430606
0.0,0.891984
0.0,0.13165146
0.0,0.20518573
0.0,0.28331962
0.0,0.38812602
0.0,0.17171349
0.0,0.9999715
0.0,0.33637547
0.0,0.27919123
0.0,0.12892672
0.0,0.14484361
0.0,0.21893308
0.0,0.26249573
0.0,0.5905072
0.0,0.43889734
0.0,0.6722618
0.0,0.6176336
0.0,0.26030645
0.0,0.21256748
0.0,0.17148143
0.0,0.24941795
0.0,0.4222243
0.0,0.28021765
0.0,0.16740045
0.0,0.29631132
0.0,0.29426017
0.0,0.13305072
0.0,0.20080061
0.0,0.112193726
0.0,0.20515405
0.0,0.19997615
0.0,0.103953496
0.0,0.9999987
0.0,0.056467216
0.0,0.34208795
0.0,0.20053482
0.0,0.30907214
0.0,0.37637004
0.0,0.4171692
0.0,0.16652004
0.0,0.5173197
0.0,0.23249996
0.0,0.33707392
0.0,0.20956285
0.0,0.53743345
0.0,0.4278045
0.0,0.33221766
0.0,0.38231573
0.0,0.3723699
0.0,0.6750634
0.0,0.3893238
0.0,0.41416872
0.0,0.27554205
0.0,0.26136675
0.0,0.28973198
0.0,0.11321023
0.0,0.51632816
0.0,0.46930936
0.0,0.5930799
0.0,0.32637143
0.0,0.25973505
0.0,0.2921414
0.0,0.14136077
0.0,0.99217576
0.0,0.25291353
0.0,0.26266113
0.0,0.2626611
0.0,0.2463237
0.0,0.08501711
0.0,0.53205585
0.0,0.14625509
0.0,0.28405875
0.0,0.20198943
0.0,0.22175302
0.0,0.5017703
0.0,0.35244942
0.0,0.25236696
0.0,0.12243066
0.0,0.11879235
0.0,0.14082573
0.0,0.20663433
0.0,0.40043986
0.0,0.3521586
0.0,0.103633665
0.0,0.3712169
0.0,0.23691991
0.0,0.18000302
0.0,0.26139444
0.0,0.33580792
0.0,0.39964142
0.0,0.26511413
0.0,0.29872757
0.0,0.41194758
0.0,0.33754674
0.0,0.3641322
0.0,0.24530078
0.0,0.16304742
0.0,0.5077124
0.0,0.55502933
0.0,0.41196942
0.0,0.2379112
0.0,0.16804491
0.0,0.24842592
0.0,0.17720373
0.0,0.1297678
0.0,0.238944
0.0,0.33707392
0.0,0.4699586
0.0,0.2616689
0.0,0.34252307
0.0,0.31239066
0.0,0.96461517
0.0,0.30617252
0.0,0.22918682
0.0,0.9258201
0.0,0.12315328
0.0,0.0859097
0.0,0.57833385
0.0,0.24419159
0.0,0.16025928
0.0,0.2650834
0.0,0.10224258
0.0,0.1681089
0.0,0.48700464
0.0,0.39708775
0.0,0.20297186
0.0,0.065962
0.0,0.6243536
0.0,0.5973343
0.0,0.25478315
0.0,0.3692078
0.0,0.50359684
0.0,0.22181705
0.0,0.3037409
0.0,0.27972668
0.0,0.29035264
0.0,0.14579152
0.0,0.24267618
0.0,0.16339132
0.0,0.12909615
0.0,0.62222
0.0,0.31961444
0.0,0.2700015
0.0,0.8946548
0.0,0.43229872
0.0,0.7947254
0.0,0.25821725
0.0,0.13355862
0.0,0.28538936
0.0,0.11719874
0.0,0.3394887
0.0,0.16186382
0.0,0.25381184
0.0,0.99601007
0.0,0.99966
0.0,0.33060968
0.0,0.49933076
0.0,0.10379836
0.0,0.39535305
0.0,0.59263784
0.0,0.28209603
0.0,0.2908521
0.0,0.95707923
0.0,0.23801364
0.0,0.24456167
0.0,0.39231643
0.0,0.6896236
0.0,0.33707392
0.0,0.05126227
0.0,0.14053185
0.0,0.36905625
0.0,0.32197937
0.0,0.27071506
0.0,0.16261224
0.0,0.14424509
0.0,0.120387584
0.0,0.07088843
0.0,0.32840163
0.0,0.3495135
0.0,0.1998303
0.0,0.41423145
0.0,0.5245761
0.0,0.21453121
0.0,0.12393847
0.0,0.15468055
0.0,0.12794343
0.0,0.14388128
0.0,0.36077735
0.0,0.89594287
0.0,0.27886763
0.0,0.39646384
0.0,0.0896371
0.0,0.7903837
0.0,0.47281244
0.0,0.42009228
0.0,0.39948705
0.0,0.678054
0.0,0.33707392
0.0,0.7086856
0.0,0.24955305
0.0,0.3825257
0.0,0.14773731
0.0,0.96452856
0.0,0.39301002
0.0,0.24913728
0.0,0.33707392
0.0,0.51571
0.0,0.9159733
0.0,0.36863962
0.0,0.2821156
0.0,0.17214918
0.0,0.14690751
0.0,0.19993244
0.0,0.27905363
0.0,0.1587154
0.0,0.56209654
0.0,0.16952267
0.0,0.99972063
0.0,0.42638767
0.0,0.19747998
0.0,0.12511334
0.0,0.12437302
0.0,0.3199482
0.0,0.38584733
0.0,0.15694307
0.0,0.92492753
0.0,0.103303485
0.0,0.799214
0.0,0.08958966
0.0,0.2314842
0.0,0.4558934
0.0,0.12556937
0.0,0.18629657
0.0,0.18634683
0.0,0.3399798
0.0,0.49988714
0.0,0.45967343
0.0,0.848962
0.0,0.6092829
0.0,0.74950534
0.0,0.30942833
0.0,0.32603642
0.0,0.2662795
0.0,0.2198355
0.0,0.32206562
0.0,0.33707392
0.0,0.37620336
0.0,0.2368687
0.0,0.9008919
0.0,0.39803502
0.0,0.18769722
0.0,0.87145203
0.0,0.09700639
0.0,0.30756158
0.0,0.12634236
0.0,0.1280824
0.0,0.1658835
0.0,0.13363786
0.0,0.3178744
0.0,0.15122753
0.0,0.30294162
0.0,0.09905618
0.0,0.16191934
0.0,0.3125031
0.0,0.3125031
0.0,0.1893749
0.0,0.094970375
0.0,0.18865064
0.0,0.32760215
0.0,0.18401207
0.0,0.068014815
0.0,0.27738404
0.0,0.17707488
0.0,0.3142869
0.0,0.16640347
0.0,0.33874306
0.0,0.2958356
0.0,0.32360482
0.0,0.29339713
0.0,0.21724135
0.0,0.29982433
0.0,0.13299249
0.0,0.10296412
0.0,0.94268566
0.0,0.276742
0.0,0.32335407
0.0,0.15598424
0.0,0.099731624
0.0,0.28258058
0.0,0.278584
0.0,0.23614027
0.0,0.94461256
0.0,0.25245863
0.0,0.41281775
0.0,0.72983414
0.0,0.11569912
0.0,0.33937943
0.0,0.14719768
0.0,0.9969602
0.0,0.3269532
0.0,0.5560626
0.0,0.123676606
0.0,0.24302104
0.0,0.08985733
0.0,0.5029248
0.0,0.28655145
0.0,0.28261483
0.0,0.05377517
0.0,0.98637915
0.0,0.19480866
0.0,0.49896136
0.0,0.37016976
0.0,0.15258093
0.0,0.55967695
0.0,0.3167011
0.0,0.252105
0.0,0.17725632
0.0,0.25648782
0.0,0.2990249
0.0,0.6885058
0.0,0.3977825
0.0,0.25319096
0.0,0.99419904
0.0,0.42086926
0.0,0.3082662
0.0,0.3564121
0.0,0.21957806
0.0,0.7061037
0.0,0.3232198
0.0,0.282085
0.0,0.22746517
0.0,0.465483
0.0,0.3160863
0.0,0.11961948
0.0,0.2629201
0.0,0.18469957
0.0,0.34969586
0.0,0.55852073
0.0,0.21118769
0.0,0.21118769
0.0,0.44754547
0.0,0.26404053
0.0,0.30686113
0.0,0.63251024
0.0,0.14422396
0.0,0.2763792
0.0,0.2595919
0.0,0.18917939
0.0,0.21804647
0.0,0.31311616
0.0,0.45706898
0.0,0.1771598
0.0,0.189911
0.0,0.33707392
0.0,0.85109705
0.0,0.49458694
0.0,0.85585684
0.0,0.9648103
0.0,0.45147648
0.0,0.89222133
0.0,0.6362822
0.0,0.7863949
0.0,0.24545908
0.0,0.5338235
0.0,0.9118647
0.0,0.26227954
0.0,0.26773363
0.0,0.21887855
0.0,0.16775481
0.0,0.7223188
0.0,0.19573815
0.0,0.44530192
0.0,0.19159262
0.0,0.28887725
0.0,0.309554
0.0,0.9866974
0.0,0.41785643
0.0,0.35928637
0.0,0.20960727
0.0,0.23514047
0.0,0.40315124
0.0,0.18128246
0.0,0.1681673
0.0,0.58036417
0.0,0.14400102
0.0,0.26222715
0.0,0.4782953
0.0,0.2741587
0.0,0.5605257
0.0,0.30409676
0.0,0.3628241
0.0,0.23411003
0.0,0.22736885
0.0,0.21660516
0.0,0.31188717
0.0,0.26023164
0.0,0.66330004
0.0,0.46697685
0.0,0.8639678
0.0,0.43706423
0.0,0.38988572
0.0,0.17236796
0.0,0.6834379
0.0,0.4708987
0.0,0.36988518
0.0,0.20956582
0.0,0.13502046
0.0,0.16577306
0.0,0.18571728
0.0,0.15340655
0.0,0.33712557
0.0,0.2875969
0.0,0.40344423
0.0,0.53446645
0.0,0.37374493
0.0,0.23594895
0.0,0.24690375
0.0,0.2329052
0.0,0.8987938
0.0,0.54807484
0.0,0.15371747
0.0,0.6719108
0.0,0.466986
0.0,0.3502482
0.0,0.26746437
0.0,0.5852451
0.0,0.73991394
0.0,0.43823168
0.0,0.25194982
0.0,0.48461512
0.0,0.20453706
0.0,0.2952923
0.0,0.079735
0.0,0.123957284
0.0,0.9999374
0.0,0.3115197
0.0,0.33707392
0.0,0.12972371
0.0,0.2858199
0.0,0.10795317
0.0,0.24794702
0.0,0.3445378
0.0,0.4609425
0.0,0.28811336
0.0,0.1499399
0.0,0.8151006
0.0,0.2066584
0.0,0.2145603
0.0,0.44850355
0.0,0.37862965
0.0,0.3326345
0.0,0.28284883
0.0,0.12288342
0.0,0.28276953
0.0,0.0895696
0.0,0.47513247
0.0,0.7772757
0.0,0.33840126
0.0,0.4411289
0.0,0.21724068
0.0,0.2727567
0.0,0.27321222
0.0,0.13771033
0.0,0.23237295
0.0,0.90259725
0.0,0.24701606
0.0,0.3396142
0.0,0.27371737
0.0,0.58787966
0.0,0.31277308
0.0,0.31917706
0.0,0.17699066
0.0,0.24096017
0.0,0.57958657
0.0,0.28273848
0.0,0.42039344
0.0,0.17809607
0.0,0.73798245
0.0,0.28956902
0.0,0.4671985
0.0,0.18218157
0.0,0.11349683
0.0,0.2631175
0.0,0.2861896
0.0,0.45215142
0.0,0.6759449
0.0,0.5637955
0.0,0.43515897
0.0,0.26784208
0.0,0.361956
0.0,0.2576019
0.0,0.28069457
0.0,0.22459729
0.0,0.15942186
0.0,0.19799136
0.0,0.33707392
0.0,0.33707392
0.0,0.14729284
0.0,0.049343776
0.0,0.37653384
0.0,0.24875991
0.0,0.43826392
0.0,0.38037497
0.0,0.23244734
0.0,0.2153899
0.0,0.15893395
0.0,0.17278619
0.0,0.36925432
0.0,0.41909176
0.0,0.15328218
0.0,0.6769028
0.0,0.21545455
0.0,0.7621665
0.0,0.23231067
0.0,0.115472175
0.0,0.3114358
0.0,0.20436989
0.0,0.2678265
0.0,0.6627853
0.0,0.99981004
0.0,0.39824393
0.0,0.11710472
0.0,0.29477766
0.0,0.6313922
0.0,0.42517596
0.0,0.30673897
0.0,0.24047664
0.0,0.30560878
0.0,0.9454565
0.0,0.27476135
0.0,0.26240978
0.0,0.28316492
0.0,0.22324581
0.0,0.03905747
0.0,0.26071304
0.0,0.13523488
0.0,0.33298716
0.0,0.34356132
0.0,0.12467986
0.0,0.12945327
0.0,0.2123504
0.0,0.45822132
0.0,0.56142366
0.0,0.22149052
0.0,0.27206016
0.0,0.21169014
0.0,0.3005711
0.0,0.14177985
0.0,0.48982188
0.0,0.5952788
0.0,0.68591017
0.0,0.2940124
0.0,0.48340443
0.0,0.75284916
0.0,0.13775976
0.0,0.36151123
0.0,0.34193656
0.0,0.38941854
0.0,0.23108706
0.0,0.116201185
0.0,0.78195685
0.0,0.4078899
0.0,0.42757538
0.0,0.23594953
0.0,0.19272833
0.0,0.26672688
0.0,0.8310632
0.0,0.2613705
0.0,0.6259619
0.0,0.88139015
0.0,0.33552584
0.0,0.5705376
0.0,0.2554138
0.0,0.14181902
0.0,0.563867
0.0,0.9999957
0.0,0.9883449
0.0,0.10930412
0.0,0.11833509
0.0,0.46524626
0.0,0.2581965
0.0,0.529333
0.0,0.61838466
0.0,0.44587556
0.0,0.28772068
0.0,0.17144972
0.0,0.3166106
0.0,0.16180466
0.0,0.4426295
0.0,0.41376147
0.0,0.3029623
0.0,0.48547423
0.0,0.21104456
0.0,0.5175498
0.0,0.38760582
0.0,0.7346651
0.0,0.8350467
0.0,0.16094145
0.0,0.19043069
0.0,0.33707392
0.0,0.35264322
0.0,0.4697659
0.0,0.9951728
0.0,0.30381888
0.0,0.2172762
0.0,0.57398176
0.0,0.23988405
0.0,0.22431286
0.0,0.73555064
0.0,0.20529632
0.0,0.70133567
0.0,0.41212216
0.0,0.79750663
0.0,0.17806017
0.0,0.3425288
0.0,0.36941046
0.0,0.22639787
0.0,0.22145085
0.0,0.31235215
0.0,0.27715784
0.0,0.9995166
0.0,0.11457172
0.0,0.32044774
0.0,0.12091678
0.0,0.38623554
0.0,0.2283292
0.0,0.53003633
0.0,0.23212792
0.0,0.2524695
0.0,0.22517557
0.0,0.25520888
0.0,0.77484494
0.0,0.23590162
0.0,0.3070219
0.0,0.3315602
0.0,0.31618714
0.0,0.54301775
0.0,0.31004295
0.0,0.1526262
0.0,0.7122559
0.0,0.454682
0.0,0.5280315
0.0,0.12446851
0.0,0.27865967
0.0,0.6893868
0.0,0.38163793
0.0,0.6345562
0.0,0.21858786
0.0,0.2084382
0.0,0.18149033
0.0,0.49207175
0.0,0.1899505
0.0,0.50648594
0.0,0.42940232
0.0,0.1896416
0.0,0.5446082
0.0,0.24938609
0.0,0.28187558
0.0,0.29162392
0.0,0.17027327
0.0,0.5334566
0.0,0.44211477
0.0,0.43304724
0.0,0.22810651
0.0,0.16196837
0.0,0.46162617
0.0,0.21668415
0.0,0.29440275
0.0,0.5426553
0.0,0.21475065
0.0,0.16467811
0.0,0.9867459
0.0,0.20627008
0.0,0.5282396
0.0,0.32057515
0.0,0.45003378
0.0,0.21447907
0.0,0.21447907
0.0,0.24523114
0.0,0.28737813
0.0,0.32198396
0.0,0.24370211
0.0,0.21934588
0.0,0.29923376
0.0,0.23069137
0.0,0.5924032
0.0,0.19776419
0.0,0.36655736
0.0,0.9452154
0.0,0.21320954
0.0,0.24328616
0.0,0.2059691
0.0,0.4181273
0.0,0.19222386
0.0,0.29837245
0.0,0.16724338
0.0,0.3039948
0.0,0.16368057
0.0,0.32785228
0.0,0.6089749
0.0,0.08708466
0.0,0.2125165
0.0,0.13232605
0.0,0.26470542
0.0,0.47080523
0.0,0.9940825
0.0,0.22331181
0.0,0.3183284
0.0,0.38402244
0.0,0.30400836
0.0,0.066948555
0.0,0.72750354
0.0,0.2691356
0.0,0.15688433
0.0,0.19630787
0.0,0.38100076
0.0,0.26742107
0.0,0.44398585
0.0,0.2012406
0.0,0.35917264
0.0,0.42449918
0.0,0.42449912
0.0,0.10145636
0.0,0.32126358
0.0,0.25269258
0.0,0.3057186
0.0,0.2721333
0.0,0.14877023
0.0,0.625346
0.0,0.30966845
0.0,0.55908525
0.0,0.2467182
0.0,0.10494528
0.0,0.60967165
0.0,0.25993752
0.0,0.81432533
0.0,0.33850092
0.0,0.53321755
0.0,0.24635185
0.0,0.21267788
0.0,0.6444344
0.0,0.81854206
0.0,0.34355497
0.0,0.82885784
0.0,0.4482868
0.0,0.14179625
0.0,0.8918118
0.0,0.3100811
0.0,0.29493532
0.0,0.7680251
0.0,0.30051854
0.0,0.8105866
0.0,0.67963886
0.0,0.33707392
0.0,0.27022156
0.0,0.4064823
0.0,0.34315237
0.0,0.3493637
0.0,0.32053387
0.0,0.59658605
0.0,0.47401965
0.0,0.5525824
0.0,0.23932606
0.0,0.33105424
0.0,0.5056553
0.0,0.29727456
0.0,0.5591851
0.0,0.28833205
0.0,0.97321993
0.0,0.49964654
0.0,0.2991927
0.0,0.5265737
0.0,0.32748958
0.0,0.23440719
0.0,0.29073828
0.0,0.3309499
0.0,0.23399734
0.0,0.46068797
0.0,0.25991726
0.0,0.24574587
0.0,0.28062376
0.0,0.22529447
0.0,0.36548537
0.0,0.83547735
0.0,0.4572228
0.0,0.48146805
0.0,0.36173037
0.0,0.22079761
0.0,0.68519056
0.0,0.379185
0.0,0.3938915
0.0,0.572008
0.0,0.38031736
0.0,0.385022
0.0,0.72026145
0.0,0.25563732
0.0,0.25631753
0.0,0.7261925
0.0,0.3802832
0.0,0.5010753
0.0,0.33027428
0.0,0.24530078
0.0,0.31271914
0.0,0.31388786
0.0,0.6332161
0.0,0.80095357
0.0,0.2632999
0.0,0.38356835
0.0,0.23567867
0.0,0.39068395
0.0,0.26425958
0.0,0.28955394
0.0,0.5918154
0.0,0.54277843
0.0,0.1630846
0.0,0.32846072
0.0,0.56233317
0.0,0.29259193
0.0,0.5165735
0.0,0.95383674
0.0,0.44189864
0.0,0.28578493
0.0,0.55177057
0.0,0.16931918
0.0,0.34545308
0.0,0.5146777
0.0,0.22505975
0.0,0.31231305
0.0,0.4223351
0.0,0.6142355
0.0,0.26958406
0.0,0.5607107
0.0,0.5496862
0.0,0.27553204
0.0,0.48995358
0.0,0.32442445
0.0,0.2491977
0.0,0.5795191
0.0,0.4219137
0.0,0.5221714
0.0,0.23003885
0.0,0.62088835
0.0,0.19911842
0.0,0.50915164
0.0,0.67200357
0.0,0.51164323
0.0,0.26889127
0.0,0.32120287
0.0,0.29938075
0.0,0.86533636
0.0,0.4959953
0.0,0.33103913
0.0,0.81164765
0.0,0.13367319
0.0,0.72421426
0.0,0.42808658
0.0,0.7340632
0.0,0.3075221
0.0,0.4230614
0.0,0.53091294
0.0,0.4406001
0.0,0.37731117
0.0,0.34886116
0.0,0.4035917
0.0,0.7676328
0.0,0.36188275
0.0,0.3134006
0.0,0.4528526
0.0,0.49428222
0.0,0.73706186
0.0,0.27160797
0.0,0.21573536
0.0,0.18177444
0.0,0.3058022
0.0,0.44027478
0.0,0.2592885
0.0,0.5001038
0.0,0.3443806
0.0,0.2911278
0.0,0.1429007
0.0,0.061930805
0.0,0.59145564
0.0,0.9520846
0.0,0.25218764
0.0,0.14587083
0.0,0.47420153
0.0,0.28342322
0.0,0.2555886
0.0,0.98068374
0.0,0.98068374
0.0,0.38668793
0.0,0.5091905
0.0,0.1737043
0.0,0.1784312
0.0,0.3994429
0.0,0.21201117
0.0,0.38381678
0.0,0.520008
0.0,0.6764652
0.0,0.28727108
0.0,0.47745997
0.0,0.4089992
0.0,0.40970758
0.0,0.16473664
0.0,0.37236512
0.0,0.6630425
0.0,0.21762602
0.0,0.28717196
0.0,0.40813115
0.0,0.23976883
0.0,0.14077216
0.0,0.30417556
0.0,0.28911766
0.0,0.64769244
0.0,0.2956372
0.0,0.21899168
0.0,0.21383558
0.0,0.27445394
0.0,0.29703757
0.0,0.20539273
0.0,0.29046416
0.0,0.16911414
0.0,0.31163648
0.0,0.18416794
0.0,0.7776609
0.0,0.31056523
0.0,0.33433202
0.0,0.19948542
0.0,0.3449258
0.0,0.18061844
0.0,0.999321
0.0,0.2280019
0.0,0.4043969
0.0,0.23114096
0.0,0.20432709
0.0,0.29818246
0.0,0.11412065
0.0,0.3632181
0.0,0.27018183
0.0,0.13075913
0.0,0.3057199
0.0,0.7245153
0.0,0.17478077
0.0,0.9137957
0.0,0.31886905
0.0,0.44910127
0.0,0.08977358
0.0,0.58178467
0.0,0.2971629
0.0,0.31974453
0.0,0.21717018
0.0,0.4780907
0.0,0.35467094
0.0,0.24058397
0.0,0.4971187
0.0,0.27425817
0.0,0.28705302
0.0,0.21023284
0.0,0.16108714
0.0,0.2583377
0.0,0.15003891
0.0,0.534035
0.0,0.32730472
0.0,0.13736235
0.0,0.13465632
0.0,0.28300008
0.0,0.75962603
0.0,0.15255298
0.0,0.27512518
0.0,0.21035688
0.0,0.5638235
0.0,0.22414532
0.0,0.25905645
0.0,0.5411056
0.0,0.6625429
0.0,0.35067368
0.0,0.1762613
0.0,0.17788076
0.0,0.4052992
0.0,0.29914054
0.0,0.1551801
0.0,0.21173069
0.0,0.4736016
0.0,0.23112832
0.0,0.16992132
0.0,0.22494766
0.0,0.49831554
0.0,0.0768359
0.0,0.47429752
0.0,0.24228147
0.0,0.399944
0.0,0.18166782
0.0,0.5822837
0.0,0.37593675
0.0,0.2631767
0.0,0.4185477
0.0,0.26045373
0.0,0.120789714
0.0,0.72035193
0.0,0.67359906
0.0,0.20068803
0.0,0.3971423
0.0,0.20818657
0.0,0.1350517
0.0,0.14042363
0.0,0.5224352
0.0,0.41051063
0.0,0.2961466
0.0,0.45093414
0.0,0.20633508
0.0,0.8465947
0.0,0.3588181
0.0,0.24117991
0.0,0.1848238
0.0,0.26924017
0.0,0.4964138
0.0,0.2353608
0.0,0.18972094
0.0,0.24947515
0.0,0.60087836
0.0,0.17315334
0.0,0.2734106
0.0,0.6901873
0.0,0.29674074
0.0,0.999992
0.0,0.35150862
0.0,0.9999999
0.0,0.3094125
0.0,0.17143923
0.0,0.057624318
0.0,0.3260694
0.0,0.55895114
0.0,0.35338145
0.0,0.31747097
0.0,0.25712055
0.0,0.24983183
0.0,0.20596811
0.0,0.26607746
0.0,0.1745541
0.0,0.30618653
0.0,0.6093356
0.0,0.24381961
0.0,0.33707392
0.0,0.38742328
0.0,0.5030838
0.0,0.08013518
0.0,0.18389212
0.0,0.35396326
0.0,0.2604514
0.0,0.26121002
0.0,0.35713944
0.0,0.18854961
0.0,0.17694227
0.0,0.48782638
0.0,0.21526326
0.0,0.42690265
0.0,0.21735609
0.0,0.29340044
0.0,0.21870403
0.0,0.29209813
0.0,0.096604384
0.0,0.24192594
0.0,0.06530763
0.0,0.32839698
0.0,0.30475518
0.0,0.09190247
0.0,0.33707392
0.0,0.6430142
0.0,0.1944519
0.0,0.31464905
0.0,0.50619954
0.0,0.26802835
0.0,0.3439283
0.0,0.30934817
0.0,0.30442956
0.0,0.22421327
0.0,0.88549507
0.0,0.40924132
0.0,0.489996
0.0,0.09717236
0.0,0.41962585
0.0,0.25961939
0.0,0.4655314
0.0,0.57592916
0.0,0.40562338
0.0,0.30897897
0.0,0.22456326
0.0,0.46240178
0.0,0.38690612
0.0,0.1612089
0.0,0.26137397
0.0,0.5870289
0.0,0.28756872
0.0,0.30908215
0.0,0.23065184
0.0,0.27754495
0.0,0.17419046
0.0,0.14198145
0.0,0.12317823
0.0,0.15115768
0.0,0.27068225
0.0,0.43324685
0.0,0.5908156
0.0,0.39257511
0.0,0.40585527
0.0,0.97590315
0.0,0.15482296
0.0,0.19783951
0.0,0.20018308
0.0,0.3078102
0.0,0.20775914
0.0,0.14409964
0.0,0.67202574
0.0,0.46293896
0.0,0.1333235
0.0,0.15484582
0.0,0.2928901
0.0,0.17421515
0.0,0.22096021
0.0,0.25365084
0.0,0.9998356
0.0,0.46683237
0.0,0.24083252
0.0,0.42816782
0.0,0.17811473
0.0,0.27812612
0.0,0.90029526
0.0,0.30616358
0.0,0.2331158
0.0,0.9331311
0.0,0.5835453
0.0,0.41176093
0.0,0.9999999
0.0,0.22193855
0.0,0.11183887
0.0,0.12083872
0.0,0.5774334
0.0,0.23864977
0.0,0.24753621
0.0,0.4270554
0.0,0.24208295
0.0,0.22591624
0.0,0.06862333
0.0,0.16373059
0.0,0.39817798
0.0,0.28301919
0.0,0.36808336
0.0,0.24473171
0.0,0.0944948
0.0,0.25749534
0.0,0.3780944
0.0,0.33707392
0.0,0.2946176
0.0,0.16633967
0.0,0.27244896
0.0,0.23111099
0.0,0.18640341
0.0,0.2392347
0.0,0.51477724
0.0,0.5170197
0.0,0.20408817
0.0,0.36552805
0.0,0.37718606
0.0,0.2268444
0.0,0.5745717
0.0,0.2501107
0.0,0.63197124
0.0,0.20452563
0.0,0.34945402
0.0,0.7682358
0.0,0.43818617
0.0,0.2862191
0.0,0.18972242
0.0,0.32431468
0.0,0.5409118
0.0,0.57787234
0.0,0.267327
0.0,0.47055772
0.0,0.3946642
0.0,0.44217855
0.0,0.17019011
0.0,0.1119541
0.0,0.15473083
0.0,0.48362008
0.0,0.33158505
0.0,0.25051865
0.0,0.27351165
0.0,0.48455715
0.0,0.27149108
0.0,0.24798787
0.0,0.18808523
0.0,1.0
0.0,0.13073517
0.0,0.39783156
0.0,0.5649709
0.0,0.79193544
0.0,0.25156185
0.0,0.49664253
0.0,0.45432916
0.0,0.7392799
0.0,0.33707392
0.0,0.33707392
0.0,0.23463856
0.0,0.27288356
0.0,0.19789208
0.0,0.52508676
0.0,0.18214867
0.0,0.10471165
0.0,0.3567054
0.0,0.08565396
0.0,0.18361464
0.0,0.21978839
0.0,0.25413877
0.0,0.28256822
0.0,0.20753151
0.0,0.16401434
0.0,0.2423625
0.0,0.18632686
0.0,0.26079372
0.0,0.54499394
0.0,0.16474631
0.0,0.57954115
0.0,0.12371308
0.0,0.3443665
0.0,0.27000394
0.0,0.12092684
0.0,0.85324323
0.0,0.44525757
0.0,0.22698507
0.0,0.3256923
0.0,0.441504
0.0,0.4193435
0.0,0.87439024
0.0,0.29224315
0.0,0.33707392
0.0,0.44595832
0.0,0.3140158
0.0,0.2414447
0.0,0.2943237
0.0,0.27921638
0.0,0.8699343
0.0,0.3641604
0.0,0.20658316
0.0,0.5049358
0.0,0.17324422
0.0,0.24347913
0.0,0.20962116
0.0,0.61256516
0.0,0.2020243
0.0,0.23682386
0.0,0.19866747
0.0,0.3343544
0.0,0.23441462
0.0,0.18084493
0.0,0.32072428
0.0,0.37120366
0.0,0.32101604
0.0,0.25885975
0.0,0.11998862
0.0,0.13485229
0.0,0.62882686
0.0,0.22978446
0.0,0.84301466
0.0,0.32525054
0.0,0.33356756
0.0,0.65654886
0.0,0.31332558
0.0,0.25458747
0.0,0.47172636
0.0,0.81438667
0.0,0.31514284
0.0,0.31709042
0.0,0.3635667
0.0,0.33707392
0.0,0.33707392
0.0,0.071549594
0.0,0.28554946
0.0,0.21326335
0.0,0.5948014
0.0,0.29876012
0.0,0.39903864
0.0,0.33050865
0.0,0.69567156
0.0,0.23260874
0.0,0.6459783
0.0,0.33329645
0.0,0.24030006
0.0,0.25116542
0.0,0.9870854
0.0,0.14659041
0.0,0.07656329
0.0,0.46661076
0.0,0.3952682
0.0,0.88168585
0.0,0.06516245
0.0,0.8956839
0.0,0.17667353
0.0,0.41753072
0.0,0.20011929
0.0,0.16491958
0.0,0.8024389
0.0,0.24949038
0.0,0.2411822
0.0,0.33707392
0.0,0.17528696
0.0,0.6682128
0.0,0.2532076
0.0,0.12112927
0.0,0.8791154
0.0,0.33231217
0.0,0.31348678
0.0,0.3765302
0.0,0.37438694
0.0,0.9998747
0.0,0.24787484
0.0,0.30843204
0.0,0.9416853
0.0,0.32422674
0.0,0.054601282
0.0,0.23034641
0.0,0.26231036
0.0,0.16524407
0.0,0.3630112
0.0,0.59588593
0.0,0.14987281
0.0,0.2892176
0.0,0.46692768
0.0,0.16190171
0.0,0.50471747
0.0,0.405823
0.0,0.192512
0.0,0.13478668
0.0,0.5481656
0.0,0.44670248
0.0,0.12562098
0.0,0.11773784
0.0,0.15844184
0.0,0.18369257
0.0,0.5444927
0.0,0.15841576
0.0,0.23930377
0.0,0.45136118
0.0,0.44983372
0.0,0.5749748
0.0,0.62029797
