true_label,prob_tau,reco_energy_tev
1.0,0.5442952,106.125854
1.0,0.35026473,350.3455
1.0,0.3991049,1080.5258
1.0,0.44878545,295436.88
1.0,0.9535721,782257.4
1.0,0.8340625,359.82755
1.0,0.9733226,114.63591
1.0,0.9999194,977.4025
1.0,0.72431594,99.64806
1.0,0.87023777,111.29079
1.0,0.46593928,110.70683
1.0,0.49170983,73.61491
1.0,0.7925772,126.70498
1.0,0.60573334,332.57034
1.0,0.9703307,433.03525
1.0,0.99726874,1448.5293
1.0,0.7957937,139.2763
1.0,0.9880788,80.23425
1.0,0.59407055,73.32567
1.0,0.9194724,864351.4
1.0,0.9709062,3.6944655e+09
1.0,0.53967327,167.58221
1.0,0.7841125,372182.1
1.0,0.8141854,79.0489
1.0,0.6444261,478344.12
1.0,0.8121071,2879.8564
1.0,0.83628595,72675.77
1.0,0.60594666,109.75236
1.0,0.73620856,9.366815e+06
1.0,0.41401136,111.434456
1.0,0.38315636,71.99798
1.0,0.852019,72.818245
1.0,0.7938539,109.167435
1.0,0.9845712,154.86807
1.0,0.61489916,92.19834
1.0,0.03324748,1522.6532
1.0,0.4361397,96.48714
1.0,0.93178225,82.15892
1.0,0.9797736,1.7686895e+06
1.0,0.42856053,1669.2992
1.0,0.91945964,1022.0584
1.0,0.50868934,83.81497
1.0,0.82740605,129.34436
1.0,0.9998512,54653.438
1.0,0.47290614,76.75807
1.0,0.8510643,211.49307
1.0,0.73201627,179.83412
1.0,0.17209344,1518.7369
1.0,0.95888525,1614.2139
1.0,0.8853223,123.16545
1.0,0.614231,266.4164
1.0,0.78726095,139.78455
1.0,0.9552858,89.428116
1.0,0.8413365,45519.69
1.0,0.75566256,122.061745
1.0,0.87999934,894.2362
1.0,0.8463102,367.2374
1.0,0.76947606,73977.984
1.0,0.6789997,193.82245
1.0,0.9927342,2799.9758
1.0,0.9016876,4170.661
1.0,0.9382889,181.84395
1.0,0.41287592,167.2385
1.0,0.49002016,18198.656
1.0,0.46429422,107.27058
1.0,0.9062507,87.56986
1.0,0.9200211,1.9607115e+08
1.0,0.90036637,8.050896e+06
1.0,0.5539198,1.1269426e+09
1.0,0.99846435,170.47656
1.0,0.9034418,73.34892
1.0,0.82292867,70.62501
1.0,0.8945877,85.6974
1.0,0.5412704,113.81295
1.0,0.8276455,87.51104
1.0,0.44276163,70.71266
1.0,0.57213056,235.53375
1.0,0.72278196,125.63416
1.0,0.6256832,5.347236e+06
1.0,0.4117864,3814.3489
1.0,0.9948289,636344.56
1.0,0.9416229,237.62567
1.0,0.6156673,88.8687
1.0,0.35175288,7.023319e+10
1.0,0.5860703,236.24054
1.0,0.6929248,363.09595
1.0,0.83560234,65560.87
1.0,0.51459056,165.64558
1.0,0.5304052,97.167694
1.0,0.3089193,2.5823776e+07
1.0,0.50847864,172.56125
1.0,0.8289231,582.8827
1.0,0.42320505,802.62933
1.0,0.5828815,98.569374
1.0,0.55815405,85.95126
1.0,0.98459744,1788.429
1.0,0.5119364,171.82439
1.0,0.022471366,117.927986
1.0,0.41069177,1.7281416e+08
1.0,0.8211399,350.6374
1.0,0.37418574,123.415955
1.0,0.70946395,76.92297
1.0,0.75606555,160.8487
1.0,0.994829,215.67715
1.0,0.2171827,185.5165
1.0,0.75421387,72.58044
1.0,0.787442,2179.1978
1.0,0.672076,73.45601
1.0,0.5796731,214.11859
1.0,0.56822217,193.60019
1.0,0.8616951,66.83612
1.0,0.46702948,4421.147
1.0,0.70909595,101.38207
1.0,0.5207725,4533.1016
1.0,0.9337982,95.75377
1.0,0.7747975,486.04877
1.0,0.42821798,333.17703
1.0,0.42821795,333.17703
1.0,0.6733488,214.48247
1.0,9.76534e-07,137.63249
1.0,8.126406e-09,449.04993
1.0,0.4429656,10461.712
1.0,0.8890763,107.92044
1.0,0.12448324,77.89666
1.0,0.71146095,133.41577
1.0,0.6029426,273.5874
1.0,0.82434005,168.57552
1.0,0.9412465,679375.56
1.0,0.09409709,173.09103
1.0,0.9282582,180.87244
1.0,0.83929616,170.24182
1.0,0.73134273,184.78436
1.0,0.9091174,8.2898505e+11
1.0,0.8876172,152.7073
1.0,0.7796298,1.9386926e+06
1.0,0.53480464,2.2587914e+10
1.0,0.6668968,225.87715
1.0,0.92950255,370.96735
1.0,0.8041368,97.36029
1.0,0.4895524,77.5129
1.0,0.40172347,434.64
1.0,0.38931784,4410.345
1.0,0.6267627,157.01683
1.0,0.84283197,149.27231
1.0,0.684424,79.50257
1.0,0.53461856,129.91246
1.0,0.997109,454.37152
1.0,0.42451188,76.681145
1.0,0.9613536,109.58439
1.0,0.6380882,260.48297
1.0,0.8040105,94.26588
1.0,0.9066699,107.17269
1.0,0.6378088,183.1323
1.0,0.56173795,104.71297
1.0,0.8962467,193.66418
1.0,0.3699537,726.5877
1.0,0.41386527,103.08161
1.0,0.5707695,4.1652797e+08
1.0,0.44376627,7426.412
1.0,0.15507124,180.22995
1.0,0.6840257,147.07928
1.0,0.9818688,123.50013
1.0,0.91409594,249.2138
1.0,0.7929669,134.57361
1.0,7.624237e-05,80.234474
1.0,0.006989302,101.88786
1.0,0.8115069,119.788445
1.0,0.6568119,13887.205
1.0,0.45495167,120.10642
1.0,0.84510934,1.8060395e+08
1.0,0.74750614,80.90612
1.0,0.8781119,791.5998
1.0,0.490963,121.638374
1.0,0.99891067,334.49234
1.0,0.8609675,221.62961
1.0,0.06040494,279.3403
1.0,0.3618595,70.6143
1.0,0.21014853,75.08256
1.0,0.019882748,112.77422
1.0,0.019882753,112.77422
1.0,0.47760105,89.85936
1.0,0.8423489,173.30013
1.0,0.98831034,222.33203
1.0,0.89167476,177.01018
1.0,0.9813906,90.74402
1.0,0.71169674,68.92437
1.0,0.9675432,63982.367
1.0,0.5632185,175.9465
1.0,0.2830676,80.861626
1.0,0.88942677,4685.3447
1.0,0.9724063,213.0517
1.0,0.51785415,102.21605
1.0,0.7624977,88.555046
1.0,0.50398284,69.45014
1.0,0.8921237,1429.64
1.0,0.7084815,126.633286
1.0,0.96405435,265.7808
1.0,0.7638014,495.09802
1.0,0.8841648,101.10867
1.0,0.4479038,106.66105
1.0,0.91239935,96.0113
1.0,0.4752173,87.3066
1.0,0.9336924,163.374
1.0,0.7033869,183.51744
1.0,0.92609966,21872.797
1.0,0.96023726,1829.5804
1.0,0.3469766,157.22488
1.0,0.46165156,2000.0381
1.0,0.98908037,209.0006
1.0,0.49187884,107.82806
1.0,0.4993502,1.4858603e+08
1.0,0.5066735,130.0032
1.0,0.7871486,97.53011
1.0,0.6428505,138.12897
1.0,0.461518,10183.462
1.0,0.9033662,5948.8384
1.0,0.72002596,297.52313
1.0,0.4271951,554.56476
1.0,0.39008167,163.1389
1.0,0.48661166,95.34295
1.0,0.46103048,2224.7073
1.0,0.9994306,278.5015
1.0,0.84215117,72.98948
1.0,0.92215663,158.2645
1.0,0.4479265,3280.9873
1.0,0.745359,72.83742
1.0,0.89068544,137.15543
1.0,0.84315246,200860.1
1.0,0.4200714,351.5805
1.0,0.5942013,88.15756
1.0,0.8678389,65.18116
1.0,0.77681506,1715.6696
1.0,0.88330454,3317.5593
1.0,0.91647077,7.579101e+06
1.0,0.838187,25261.723
1.0,0.0051355995,119.31838
1.0,0.45939824,489.28226
1.0,0.9997776,83.87401
1.0,0.54236484,115.23799
1.0,0.9973152,222.44533
1.0,0.58456945,94.8969
1.0,0.70185566,128.0773
1.0,0.069624074,9.194662e+07
1.0,0.99655557,307.74878
1.0,0.67148817,1041.2145
1.0,0.8237421,139.9899
1.0,0.45106542,117.337166
1.0,0.98963076,1.8767958e+07
1.0,0.9361756,295001.88
1.0,0.6335645,134.0983
1.0,0.9572665,28304.947
1.0,0.5014259,1.4846536e+09
1.0,0.7516081,83.737595
1.0,0.90694,135022.58
1.0,0.90694,135022.58
1.0,0.4566728,71.35114
1.0,0.6077855,83.170044
1.0,0.31352708,1.8093818e+08
1.0,0.8545118,299.43274
1.0,0.93882877,76.170334
1.0,0.61985487,131.93439
1.0,0.88345087,76.66414
1.0,0.99015665,128.25603
1.0,0.123631954,129.35068
1.0,0.6185614,183.66267
1.0,0.41998443,72.25234
1.0,0.75642985,98.56196
1.0,0.50057006,132.21753
1.0,0.58346367,81.360565
1.0,0.42986014,182.15588
1.0,0.999995,403.6591
1.0,0.06924545,82.1997
1.0,0.5737817,89.92473
1.0,0.36764425,93.11617
1.0,0.960559,139.57275
1.0,0.80159897,86.192245
1.0,0.47927213,71.53733
1.0,0.5739392,103.95862
1.0,0.49016297,69.55553
1.0,0.70805365,72.870674
1.0,0.24978453,132.55351
1.0,0.478537,268.75177
1.0,0.99996567,34148.523
1.0,0.70082825,77.752655
1.0,0.5258972,66.814186
1.0,0.8384915,111.51542
1.0,0.9999999,91.410065
1.0,0.9812066,331.2331
1.0,0.29925752,70.65911
1.0,0.18056652,101.44326
1.0,0.98135376,137.60484
1.0,0.05897391,110.55379
1.0,0.4521698,83.371414
1.0,0.11307412,462.21298
1.0,0.9999981,6789.8335
1.0,0.40079302,78.99961
1.0,0.48028126,171.31389
1.0,0.115925804,92.978004
1.0,0.6397763,70.49429
1.0,0.2784421,122.05994
1.0,0.5843324,86.19649
1.0,0.13794114,79.9789
1.0,0.29842317,81.184555
1.0,0.57229334,99.81473
1.0,0.65704924,4.632601e+10
1.0,0.84837556,65.804146
1.0,0.53199,140.50714
1.0,0.18498312,105.02708
1.0,0.38669434,154.94273
1.0,0.592908,90.817085
1.0,0.54091656,78.222466
1.0,0.23560977,303.764
1.0,0.28209665,100.95342
1.0,0.08701124,175.60973
1.0,0.5100736,65.28184
1.0,1.0,131.39005
1.0,0.22809212,78.107765
1.0,0.57588404,639.9575
1.0,0.6545423,77.4579
1.0,0.3301977,243.25948
1.0,0.34492257,69.11889
1.0,0.50232804,76.61525
1.0,0.49604383,207.0896
1.0,0.42998272,69.175064
1.0,0.18462528,380.9789
1.0,0.3269836,84.139786
1.0,0.13448311,169.61511
1.0,0.5289046,274.544
1.0,0.59365934,75.94036
1.0,0.5469826,100.81386
1.0,0.4105892,946.2207
1.0,0.6231226,66.412506
1.0,0.63859826,142.30829
1.0,0.95361555,102.642624
1.0,0.61989254,97.78689
1.0,0.5742519,87.19598
1.0,0.51519346,379.17633
1.0,0.45565012,79.21428
1.0,0.5618344,78.99683
1.0,0.5300836,80.3274
1.0,0.3235393,67.79328
1.0,0.19592465,101.71534
1.0,0.96724933,72.20947
1.0,1.0,684.5112
1.0,0.5441089,65.04634
1.0,0.6168926,76.013016
1.0,0.8269842,88.54265
1.0,0.253728,170.58347
1.0,0.33014292,104.86276
1.0,0.37175208,65.19232
1.0,0.5336111,65.80512
1.0,0.5847,86.38301
1.0,0.9548827,138.10266
1.0,0.69752675,104.57096
1.0,0.5620647,132.27205
1.0,0.99399334,314.35513
1.0,0.53377646,109.29072
1.0,0.90824974,697.2998
1.0,0.77724934,66.54537
1.0,0.3661593,12626.946
1.0,0.21804228,71.821045
1.0,0.100046955,73.10519
1.0,0.41108423,82.508766
1.0,0.93616915,267.6331
1.0,0.0028917387,85.776596
1.0,0.68430257,66.41027
1.0,0.6008997,101.96609
1.0,0.99419856,1727.8325
1.0,0.9999049,84.122
1.0,0.6374508,94.42499
1.0,0.7514409,70.767555
1.0,0.29795307,145.37259
1.0,1.0,121.361565
1.0,0.6264061,424.32016
1.0,1.0,170.0369
1.0,0.38122633,68.25339
1.0,0.37712115,142.64783
1.0,0.6158294,80.76115
1.0,0.14459099,68.36723
1.0,0.93245816,190.11693
1.0,0.67722875,97.16892
1.0,0.8486724,173.3278
1.0,0.32848528,76.405075
1.0,0.37091568,140.04955
1.0,0.5702077,368.05984
1.0,0.59574574,108.217255
1.0,0.9999784,65.46976
1.0,0.9956013,78.253265
1.0,0.5447086,78.025826
1.0,0.668513,82.9818
1.0,0.26683685,106.94676
1.0,0.34112152,71.5716
1.0,0.982578,99.28364
1.0,0.4000004,114.16664
1.0,0.32632977,89.40941
1.0,0.6264927,211.94266
1.0,0.2638961,110.399796
1.0,0.42421126,105.69177
1.0,0.46490145,82.617455
1.0,0.99543756,681.7518
1.0,1.0,1574.2354
1.0,0.33433202,113.26898
1.0,0.52683085,350.46362
1.0,1.0,451.5313
1.0,0.52439696,83.3949
1.0,0.17884636,71.03839
1.0,0.24700204,523.8924
1.0,0.86591643,3049.386
1.0,0.12674977,79.35436
1.0,0.5561275,477.74313
1.0,0.51318145,166.13382
1.0,0.58647436,79.178276
1.0,0.28030586,127.961555
1.0,0.45618653,155.3514
1.0,0.38373166,111.95775
1.0,0.32066673,67.522285
1.0,1.0,15666.227
1.0,0.17997444,73.6373
1.0,0.9780592,82.635826
1.0,0.99946576,86.96403
1.0,0.8856005,74.77735
1.0,0.32601324,75.69154
1.0,0.59991413,74.29368
1.0,0.8503967,72.80112
1.0,0.43615484,250.14397
1.0,0.99998045,224.18175
1.0,0.29921025,75.90993
1.0,0.9937902,101.03204
1.0,0.4430662,101.86404
1.0,0.93221754,93.2695
1.0,0.4861611,130.2044
1.0,0.99991083,1992.8286
1.0,0.56327426,109.612785
1.0,0.5353759,75.923515
1.0,0.9999987,71.6768
1.0,0.716874,237.8324
1.0,0.56317055,80.9168
1.0,0.9962625,118.41597
1.0,0.5150758,225.4354
1.0,0.6986542,81.7833
1.0,0.586963,81.41758
1.0,1.0,1523.1531
1.0,0.30365354,76.59557
1.0,0.38298252,378.9649
1.0,0.15423194,65.728874
1.0,0.61379606,111.286385
1.0,0.5368133,94.574554
1.0,0.42350563,156.1344
1.0,0.28321773,1.6614768e+06
1.0,0.5480358,86.39278
1.0,0.114425965,93.55314
1.0,0.16703694,98.73122
1.0,1.0,71804.65
1.0,0.63641673,464.58725
1.0,0.9707118,78.55596
1.0,0.8607792,99.07918
1.0,0.57334155,71.21692
1.0,0.8180245,72.29904
1.0,0.9571274,218.47235
1.0,0.5741707,66.61425
1.0,0.26995265,72.607834
1.0,0.99040157,97.38678
1.0,0.6174586,89.32873
1.0,0.9741211,924.5953
1.0,0.27392086,117.158485
1.0,0.5706328,65.519646
1.0,0.50595725,78.43898
1.0,0.34553468,138.12943
1.0,0.6967113,310.2124
1.0,0.9527599,1117.8223
1.0,0.27918625,109.39288
1.0,0.4824304,109.992485
1.0,0.9658174,718.62695
1.0,0.6620015,67.562996
1.0,0.83072877,115.714966
1.0,0.48952842,68.88112
1.0,0.6725405,131.01888
1.0,0.9928763,65.77112
1.0,0.99999976,239.37411
1.0,0.33948505,117.30664
1.0,0.5981846,71.28997
1.0,0.4818426,78.85747
1.0,0.99894565,1619.7584
1.0,0.1425542,247.9986
1.0,0.057796393,72.3227
1.0,1.0,255.71815
1.0,1.0,354.37924
1.0,0.27806315,74.302895
1.0,0.49742836,98.23121
1.0,0.60116506,123.73792
1.0,0.5802975,69.5686
1.0,0.71603525,392.4373
1.0,0.1139132,69.363914
1.0,0.6104268,97.32989
1.0,1.0,9711.09
1.0,0.4807201,74.49954
1.0,0.47588772,70.62035
1.0,0.39854345,90.39767
1.0,0.61880267,118.09099
1.0,0.93025297,67.73597
1.0,0.5587741,106.291916
1.0,0.0907266,264.5982
1.0,0.564151,78.20882
1.0,0.8969072,112.72248
1.0,0.45054156,86.795235
1.0,0.06288982,98.502785
1.0,0.98009115,90.780495
1.0,0.97855777,99.24811
1.0,0.4608204,101.52098
1.0,0.9999896,76.13375
1.0,0.9312198,261.8121
1.0,0.74228305,105.31726
1.0,0.9215069,267.74875
1.0,0.6671181,91.58084
1.0,0.30880678,67.87394
1.0,0.4663158,72.630936
1.0,0.38317737,263.50638
1.0,0.54452527,75.629036
1.0,0.6711178,341.1255
1.0,0.4836661,100.09546
1.0,0.46154216,68.1412
1.0,0.06165416,74.0017
1.0,0.29249376,78.73224
1.0,0.2016874,128.92632
1.0,0.18898745,179.54459
1.0,0.5779408,87.794975
1.0,0.80775994,78.29697
1.0,0.5193904,92.180046
1.0,0.47575092,132.10397
1.0,0.7166672,201.3338
1.0,0.6282003,76.31172
1.0,0.6124899,65.744965
1.0,0.6043454,75.03401
1.0,0.7855832,191.47356
1.0,0.35873446,69.09187
1.0,0.38174728,65.05666
1.0,0.74563044,73.82608
1.0,0.70014423,144.4527
1.0,0.77926,159.87099
1.0,0.17330097,237.989
1.0,0.22084692,70.82385
1.0,0.9994042,348.88412
1.0,0.65454847,86.4425
1.0,0.6049995,69.09468
1.0,0.99851066,668.6655
1.0,0.23793721,73.43523
1.0,0.24825253,93.83001
1.0,0.67645967,168.9268
1.0,0.33373395,165.01976
1.0,0.99999845,2976.29
1.0,0.44332662,89.61051
1.0,0.99999106,147.07104
1.0,0.31807417,67.06882
1.0,0.3140963,132.29892
1.0,0.99963033,166.65578
1.0,0.40241802,71.63432
1.0,0.649437,91.63616
1.0,0.99999976,5264.7134
1.0,0.99995875,476.9504
1.0,0.23629059,73.79999
1.0,0.32348442,72.72502
1.0,0.61552125,111.58094
1.0,0.3844202,69.464645
1.0,0.99725455,103.1445
1.0,0.9999914,2415.2585
1.0,0.86050767,98.45402
1.0,0.030490518,88.31756
1.0,0.5388107,78.12998
1.0,0.6634738,67.8655
1.0,0.09739743,92.90555
1.0,0.64102256,118.411156
1.0,0.5102571,65.48691
1.0,0.4159433,73.691444
1.0,0.99991417,305.2436
1.0,0.10067948,67.474724
1.0,0.5390358,86.32219
1.0,0.5119155,77.64578
1.0,0.50135094,90.179596
1.0,0.98738366,218.5496
1.0,0.99998,4052.9736
1.0,0.99998,4052.9736
1.0,0.685784,111.20968
1.0,0.5245329,112.178925
1.0,0.99999225,1456.8088
1.0,0.5295499,716.204
1.0,0.6501649,737.9784
1.0,0.99790704,1307.8044
1.0,0.6986357,65.885086
1.0,0.8481717,301.00357
1.0,0.32010803,80.482994
1.0,0.7901047,66.33942
1.0,0.51928043,133.46764
1.0,1.0,1964.4977
1.0,0.99619055,1072.4731
1.0,0.13121304,118.49498
1.0,0.9999999,2170.4736
1.0,0.15880324,95.42155
1.0,0.3550503,118.9091
1.0,0.999129,523.786
1.0,0.99999785,3449.2468
1.0,0.61097217,122.17786
1.0,0.0100195,132.3848
1.0,0.9921319,154.27365
1.0,0.69872904,110.75814
1.0,0.5920824,68.40767
1.0,0.31567395,79.048615
1.0,0.4904843,145.05864
1.0,0.3848699,98.92352
1.0,0.57930976,493.72083
1.0,0.9971011,82.59471
1.0,0.79419523,119.6057
1.0,0.33675686,128.81128
1.0,0.68095374,183.33981
1.0,0.93291175,76.088104
1.0,0.60880786,78.647484
1.0,0.5569219,127.185005
1.0,0.68335956,93.234
1.0,0.46615082,81.785255
1.0,0.6570543,78.83883
1.0,0.5420902,88.777
1.0,0.9987985,72.15713
1.0,0.99975187,97.50571
1.0,0.573104,85.51384
1.0,0.8643699,84.934586
1.0,0.3998051,105.45362
1.0,0.6177935,113.35707
1.0,0.71104413,67.97294
1.0,0.23664817,138.25475
1.0,0.92125076,96.27338
1.0,0.13976018,230.23706
1.0,0.54571486,71.88051
1.0,0.99880517,86.95782
1.0,0.92629844,79.26339
1.0,0.547995,75.8462
1.0,0.5272188,65.00053
1.0,0.5272188,65.00053
1.0,0.9566463,1643.0645
1.0,0.32077864,87.64903
1.0,0.6435868,606.0359
1.0,0.22970742,68.07203
1.0,0.99952626,94.0431
1.0,0.66018337,127.04251
1.0,0.6315716,165.16151
1.0,0.21753286,81.99808
1.0,0.9990646,1460.0001
1.0,0.999448,2706.0579
1.0,0.51795655,154.69618
1.0,0.7983223,291.2509
1.0,0.61324275,91.58612
1.0,0.9999244,16911.137
1.0,0.080426246,133.27274
1.0,0.21684717,85.303314
1.0,0.9999546,12659.749
1.0,0.14333913,225.33702
1.0,0.47897604,115.909706
1.0,0.53755146,68.46245
1.0,0.6815992,209.60014
1.0,0.45812532,94.29217
1.0,0.9999814,1223.2335
1.0,0.40282384,73.35977
1.0,0.4544921,66.285934
1.0,0.8261021,67.75241
1.0,0.7265649,86.83164
1.0,0.9999999,236.50696
1.0,0.82117826,93.04701
1.0,0.65566933,72.477394
1.0,0.5719827,80.356575
1.0,0.54267037,66.31092
1.0,0.42403585,98.669426
1.0,0.80266994,107.598564
1.0,0.97913647,331.70712
1.0,0.4526908,181.03972
1.0,0.99923885,128.23335
1.0,0.99999213,534.49677
1.0,0.9833629,151.87393
1.0,0.69703275,3.9305456e+07
1.0,0.9827543,1962.456
1.0,0.99998903,84.613556
1.0,0.6063314,149.08167
1.0,0.42817658,93.334785
1.0,1.0,223.05614
1.0,0.38199246,148.73831
1.0,0.69210327,172.52478
1.0,0.5836885,18296.99
1.0,0.9997603,92.76662
1.0,0.76493084,131.08586
1.0,0.9998274,5663.1733
1.0,0.43480438,73.66329
1.0,0.49519464,103.45794
1.0,0.52395815,155.94456
1.0,0.6066541,102.233955
1.0,0.51814175,77.9902
1.0,0.5277921,88.770546
1.0,0.41374397,128.24948
1.0,0.44676822,102.69081
1.0,0.4224006,135.36316
1.0,0.9661203,221.26782
1.0,0.49831218,106.87258
1.0,0.6073135,510.5422
1.0,0.59795696,93.77051
1.0,0.4676786,190.59712
1.0,0.38552353,80.26432
1.0,0.45893186,69.546036
1.0,0.15604933,75.65227
1.0,0.07986264,73.71641
1.0,0.9999993,389.96667
1.0,0.6281247,70.0101
1.0,1.0,12156.908
1.0,0.6136408,66.24439
1.0,0.990337,373.3086
1.0,0.787377,102.7863
1.0,0.5452819,67.16517
1.0,0.9998185,6467.34
1.0,0.24138896,205.50813
1.0,0.4113692,65.00454
1.0,0.56377226,86.900055
1.0,0.9992716,78.15411
1.0,0.5275943,91.641464
1.0,0.37075675,5321.1626
1.0,0.33551338,232.03392
1.0,1.0,78.40738
1.0,0.52849954,84.39028
1.0,0.22354087,143.80539
1.0,0.9999995,5948.9395
1.0,0.5061992,783.6044
1.0,0.123415634,66.5733
1.0,0.5000226,79.31817
1.0,0.46154216,87.467674
1.0,0.31885496,68.94301
1.0,0.35060477,657.2815
1.0,0.018520288,74.86164
1.0,0.06734023,83.860886
1.0,0.51313424,79.13964
1.0,0.44206408,2388.447
1.0,0.53747433,72.026146
1.0,0.5250029,257.2672
1.0,0.47135156,185.19434
1.0,0.33291796,71.22145
1.0,0.500998,93.5894
1.0,0.53160334,67.183464
1.0,0.39762247,165.49216
1.0,0.5268294,66.38222
1.0,0.9997843,22413.621
1.0,0.99999,997.7736
1.0,0.46238822,120.46248
1.0,3.5529642e-06,69.48095
1.0,0.9999987,7978.864
1.0,0.49618143,69.38436
1.0,0.7066908,70.13166
1.0,0.9925988,1578.3674
1.0,0.5861548,86.83853
1.0,0.88777876,155.27321
1.0,0.67126906,204.66373
1.0,1.0,11542.699
1.0,0.34917656,248.76315
1.0,0.3088955,98.13856
1.0,0.06377205,392.61725
1.0,0.7689739,67.05231
1.0,0.6924208,79.79306
1.0,0.62172914,89.746666
1.0,0.8497212,433.17078
1.0,0.4657983,67.21205
1.0,0.19286115,113.493065
1.0,0.9998913,40720.777
1.0,0.46701252,83.32337
1.0,0.32908335,75.80907
1.0,0.43316144,133.17671
1.0,0.20508237,175.01523
1.0,0.6003324,103.04891
1.0,0.9996,76.19103
1.0,1.0,2555.8062
1.0,0.52614564,75.603424
1.0,0.6748046,109.897964
1.0,0.34998485,138.68448
1.0,0.9796214,154.10175
1.0,0.773617,131.39163
1.0,0.033581406,435.36407
1.0,0.22481754,105.98455
1.0,0.71826583,69.36719
1.0,0.48659536,105.927605
1.0,0.5288808,72.09417
1.0,0.6029639,215.68402
1.0,0.80521643,67.084984
1.0,0.4472229,141.71687
1.0,0.58821636,153.91159
1.0,1.0,107.00185
1.0,0.33874893,75.95474
1.0,0.46963653,171.68248
1.0,0.92160964,234.9855
1.0,0.32806256,91.86378
1.0,0.6180535,123.5324
1.0,0.046153784,72.12885
1.0,1.0,23149.09
1.0,0.53353184,70.205086
1.0,0.5530326,91.69733
1.0,0.41868782,82.19686
1.0,0.99980825,90.701836
1.0,0.32749847,86.030716
1.0,0.46883482,71.27089
1.0,0.569176,88.431915
1.0,0.3207092,83.201584
1.0,0.9999988,1219.6173
1.0,0.65063715,73.48025
1.0,0.42068118,103.474075
1.0,0.4796638,102.655136
1.0,0.52986753,358.33154
1.0,0.44206,77.403984
1.0,0.6096603,88.68433
1.0,0.44888172,74.86499
1.0,0.18684365,68.81129
1.0,0.3919931,170.27621
1.0,0.40533918,91.238625
1.0,0.49392495,449.27505
1.0,0.54689145,225.579
1.0,0.121927515,71.164215
1.0,0.6559417,79.4916
1.0,0.50974447,67.848175
1.0,0.55879205,97.05526
1.0,0.5428102,82.06633
1.0,0.44827625,145.47997
1.0,0.5209062,72.52289
1.0,0.3329731,163.23781
1.0,0.8360158,552.65216
1.0,0.54607034,120.49561
1.0,0.9559142,90.1398
1.0,0.94569236,2461.1147
1.0,0.3230768,265.15515
1.0,0.65614575,69.013176
1.0,0.50837886,228.61546
1.0,0.99143255,320.31256
1.0,0.14426172,252.4043
1.0,0.21413627,122.50703
1.0,0.6451888,92.74824
1.0,0.41623372,434.51932
1.0,0.44574443,120.43153
1.0,0.59854275,108.47242
1.0,0.2773109,81.58505
1.0,0.84716815,155.83879
1.0,0.7788142,325.6498
1.0,0.61261684,76.09627
1.0,0.65565354,162.32745
1.0,0.95964915,122.732735
1.0,0.9294868,105.89348
1.0,0.9999958,495.0347
1.0,0.65758365,93.311806
1.0,0.996332,1541.4761
1.0,0.3456292,233.95511
1.0,0.33778527,92.16312
1.0,0.07593982,220.44336
1.0,0.1871112,70.840515
1.0,0.99999845,119.362015
1.0,0.36641818,93.89004
1.0,0.9999981,3311.242
1.0,0.6108436,110.883896
1.0,0.49772185,102.541756
1.0,0.47005188,123.59651
1.0,0.46642816,114.21134
1.0,0.058254004,157.36105
1.0,0.49627265,70.75334
1.0,1.0,1179.1471
1.0,0.29620066,181.77968
1.0,0.9294434,92.8276
1.0,0.2699016,87.96141
1.0,0.5288712,85.508675
1.0,0.99998975,193.75606
1.0,0.98907673,115.693375
1.0,0.99927086,375.5759
1.0,0.9504598,79.20441
1.0,0.9946108,89.97914
1.0,0.56469035,66.05443
1.0,0.59368026,74.14093
1.0,0.9034104,271.19318
1.0,0.7178153,98.71326
1.0,0.1629361,70.828926
1.0,0.4994508,65.03813
1.0,0.36195284,71.4162
1.0,0.28064165,72.419685
1.0,0.7622721,143.04031
1.0,0.59509045,70.289444
1.0,0.55147785,65.18567
1.0,0.5303088,67.63937
1.0,0.9999926,801.9053
1.0,0.540284,89.59276
1.0,0.34626612,106.236786
1.0,0.77119637,171.78816
1.0,0.5197307,74.39771
1.0,0.6112112,82.1051
1.0,0.2808506,110.599495
1.0,0.5612205,90.282875
1.0,0.71818936,66.242485
1.0,0.94133276,100.76943
1.0,0.10379156,66.31738
1.0,0.05541177,399.3526
1.0,0.4685974,65.8439
1.0,0.5259748,244.62384
1.0,0.45528808,223.5157
1.0,0.4482159,67.54421
1.0,0.17982867,1595.7515
1.0,0.81524897,150.33278
1.0,0.48210874,67.74986
1.0,0.6056584,66.108116
1.0,1.0,363.97607
1.0,0.37102696,262.19528
1.0,0.37102696,262.19528
1.0,0.4441499,91.89868
1.0,0.9999999,22397.385
1.0,0.30452642,204.9762
1.0,0.47189233,75.39503
1.0,0.7850059,253.76604
1.0,0.43011004,66.78008
1.0,0.37125054,727.31604
1.0,0.28173462,67.61966
1.0,0.8508431,66.14478
1.0,0.29454768,851.7631
1.0,0.998353,85.6745
1.0,0.5529661,84.748856
1.0,0.56019247,106.92481
1.0,0.9567823,97.613434
1.0,0.4820844,82.18581
1.0,0.99998236,247.41753
1.0,0.46154216,83.923195
1.0,0.62059855,161.91795
1.0,0.5646048,80.20879
1.0,0.6538375,72.71488
1.0,0.9986779,112.553734
1.0,0.40523553,69.64952
1.0,0.50664693,86.60302
1.0,0.5840961,65.2029
1.0,0.6515705,65.66943
1.0,0.9136724,181.58847
1.0,0.44309875,332.19244
1.0,0.81142825,85.84514
1.0,0.34740162,175.73027
1.0,0.6949979,73.349144
1.0,0.9999809,96.23785
1.0,1.0,18056.666
1.0,0.6180913,77.83942
1.0,0.40362865,70.36525
1.0,0.9999989,165.73946
1.0,0.4922787,97.912025
1.0,0.60918814,331.2411
1.0,0.78555167,5323.313
1.0,1.0,92.372925
1.0,0.6826256,71.730316
1.0,0.47539806,82.28689
1.0,0.7604023,89.24795
1.0,0.4956126,158.02817
1.0,0.94511414,257.51944
1.0,0.46673763,86.98652
1.0,0.33800218,97.35022
1.0,0.07767305,108.687904
1.0,0.39376274,203.59096
1.0,0.99996686,74.54031
1.0,1.0,151.88486
1.0,0.9999808,178.76956
1.0,0.67807066,83.890495
1.0,0.04950088,622.41974
1.0,1.0,184.22798
1.0,0.5515077,66.40839
1.0,0.99682486,922.11707
1.0,0.4834911,148.67448
1.0,0.84683734,319.8239
1.0,0.88140386,72.9499
1.0,0.7116297,79.731514
1.0,0.39485398,67.45037
1.0,0.3564408,155.8068
1.0,0.9995153,519.21704
1.0,0.7495722,110.20905
1.0,0.64793926,104.038315
1.0,0.9879408,92.656784
1.0,0.4294713,94.0968
1.0,0.8845392,75.57284
1.0,0.32438028,120.031876
1.0,0.6835806,92.85751
1.0,0.48115894,387.11063
1.0,0.5464933,71.582565
1.0,0.559726,71.7809
1.0,0.8336974,463.27255
1.0,0.5549261,107.57234
1.0,0.67480993,72.51484
1.0,0.9937757,144.5675
1.0,0.014716515,166.25543
1.0,0.9999999,4417.884
1.0,0.6071583,124.95478
1.0,0.9958488,70.26977
1.0,0.9940798,1309.5812
1.0,0.33605433,123.04874
1.0,0.49051654,108.062965
1.0,0.9996878,268.27798
1.0,1.0,177.46019
1.0,0.81331813,65.27021
1.0,0.47823045,81.66705
1.0,0.5956915,69.11044
1.0,0.60338193,120.293365
1.0,0.5095302,256.59918
1.0,0.47404698,90.98398
1.0,1.0,399.22195
1.0,0.51675814,277.97055
1.0,0.46154216,88.17673
1.0,0.3964025,125.99816
1.0,0.32099792,69.4948
1.0,0.38534337,75.11554
1.0,0.46730345,298.42807
1.0,0.38451478,67.07188
1.0,0.7031393,80.80201
1.0,0.3371392,99.68358
1.0,0.7568081,115.10193
1.0,0.2905666,65.062325
1.0,0.9986607,102.14974
1.0,0.385205,99.061775
1.0,0.83117706,168.48763
1.0,0.89365405,669.7467
1.0,0.03918104,219.31377
1.0,0.50211436,244.94582
1.0,0.7265925,97.87559
1.0,0.4056867,68.99098
1.0,0.43632707,117.792305
1.0,0.3434213,98.13142
1.0,0.98624784,168.83336
1.0,0.2968045,316.92294
1.0,0.99524117,464.58572
1.0,0.15970032,145.19736
1.0,0.19012354,102.58517
1.0,1.0,89.042915
1.0,0.27526546,134.02875
1.0,0.95822847,651.5227
1.0,0.6783008,75.310844
1.0,0.45085132,724.4592
1.0,0.6221021,90.56673
1.0,0.9999857,163.18002
1.0,0.99404496,959.1518
1.0,0.47780976,65.75067
1.0,0.4645941,69.281136
1.0,0.99993956,1140.8795
1.0,0.47197318,66.08272
1.0,0.14393798,107.17728
1.0,0.42337567,66.639565
1.0,0.28092214,67.71437
1.0,0.04040005,322.52206
1.0,0.4275912,94.31337
1.0,0.5848261,110.015495
1.0,0.9999932,1259.9642
1.0,0.5736504,244.03528
1.0,0.64800185,83.238884
1.0,0.5169964,94.16778
1.0,0.63881594,142.11241
1.0,0.55200696,82.570114
1.0,0.9999999,122.372185
1.0,0.9960407,68.54328
1.0,0.64938337,68.456474
1.0,0.35645947,86.17675
1.0,0.18216152,96.287125
1.0,1.0,3254.9077
1.0,0.9999907,248.6183
1.0,0.54150337,75.27922
1.0,0.26447174,66.5125
1.0,0.43682858,86.24767
1.0,0.9999205,1178.324
1.0,0.45559257,66.98691
1.0,0.612298,79.71522
1.0,0.46955845,84.26251
1.0,0.44495997,99.82325
1.0,0.68969226,75.135956
1.0,0.39881036,66.32375
1.0,0.52420276,87.95695
1.0,0.99931884,108.00691
1.0,0.5241886,151.19586
1.0,0.9438578,367.2283
1.0,0.4524186,155.36624
1.0,0.6936832,75.15466
1.0,0.6502103,65.65523
1.0,0.91113067,93.17447
1.0,0.6082797,66.58255
1.0,0.99984074,1205.4615
1.0,0.52997375,742.0861
1.0,0.46567026,149923.4
1.0,0.9366188,154.90608
1.0,0.6740563,96.278824
1.0,0.5831091,4.3936705e+06
1.0,0.4880044,79.38092
1.0,0.1996141,76.17736
1.0,0.9998435,295.27814
1.0,0.4868939,87.796295
1.0,0.43656486,165.12589
1.0,1.0,375.0326
1.0,0.22845773,80.823814
1.0,0.46154216,126.28853
1.0,0.982787,520.7383
1.0,0.22059044,104.94759
1.0,0.508059,73.47769
1.0,0.98880297,144.60011
1.0,0.48142207,376.55078
1.0,0.94535184,570.65814
1.0,0.3441376,76.58809
1.0,0.46069458,548.39294
1.0,0.20048706,85.15712
1.0,0.9999865,1095.0536
1.0,0.8743153,77.170006
1.0,0.94923705,344.81165
1.0,0.44598383,96.56729
1.0,0.1307116,212.24922
1.0,0.5101472,109.79979
1.0,0.99988544,511.58957
1.0,0.8005992,167.38342
1.0,0.47059986,130.5403
1.0,0.97409207,303.58694
1.0,0.99998844,364.16333
1.0,0.28308892,84.38152
1.0,0.6463007,67.90373
1.0,0.60998505,144.96121
1.0,0.5658467,144.9379
1.0,0.7160449,79.58399
1.0,0.8919952,114.16984
1.0,0.8168628,232.37772
1.0,0.8494234,68.5484
1.0,0.33358896,72.02601
1.0,0.35815373,96.53048
1.0,0.22473481,134.50159
1.0,0.36221486,179.94176
1.0,0.6114432,113.39634
1.0,0.9825152,170.30818
1.0,0.8387059,69.600784
1.0,0.6936635,70.32385
1.0,0.41449416,101.24653
1.0,0.47809267,194.31467
1.0,1.0,102.38858
1.0,1.0,324.06546
1.0,0.42573804,71.946106
1.0,0.25069594,107.53189
1.0,0.9814135,187.26285
1.0,0.48051494,117.071686
1.0,0.85131425,89.53995
1.0,0.99927074,489.9373
1.0,0.08938941,119.09798
1.0,0.67530787,113.11078
1.0,0.38324806,350.21436
1.0,0.14778058,98.34288
1.0,0.52948856,203.4072
1.0,0.8793073,65.13418
1.0,0.99987364,959.93195
1.0,0.742497,785.2951
1.0,0.6507881,79.95425
1.0,0.13444883,69.10443
1.0,0.55570847,70.50097
1.0,0.46154216,95.67905
1.0,0.35648856,66.29794
1.0,0.6095548,66.19048
1.0,0.9981432,476.0814
1.0,1.0,112.63909
1.0,0.47488865,69.324776
1.0,0.77497953,427.27478
1.0,0.88532627,82.59963
1.0,0.9999975,6475.2944
1.0,0.9999994,117.819664
1.0,0.81061447,102.05255
1.0,0.4665238,169.23247
1.0,1.0,17594.562
1.0,0.489799,87.44818
1.0,0.7362988,146.81775
1.0,0.089995824,77.47755
1.0,0.76153916,77.12749
1.0,0.514848,65.23874
1.0,0.99992836,98.55885
1.0,0.5203287,91.64189
1.0,0.99536395,74.48934
1.0,0.2494248,69.42473
1.0,0.4582231,105.40084
1.0,0.6989762,99.13792
1.0,0.66001916,87.70896
1.0,0.4954879,114.053505
1.0,0.99465066,79.542496
1.0,0.27011684,538.2325
1.0,0.5563506,143.06844
1.0,0.55530447,72.6875
1.0,0.6098741,68.23935
1.0,0.7822636,246.72076
1.0,0.141012,88.55577
1.0,0.9998343,207.06891
1.0,0.46331203,69.445885
1.0,0.9992009,3087.767
1.0,0.4160644,83.22337
1.0,0.4065634,68.82623
1.0,0.42757004,67.3844
1.0,0.5363347,149.9732
1.0,0.42150387,107.680466
1.0,0.45175773,90.322266
1.0,0.45163885,172.86778
1.0,1.0,84.529564
1.0,0.99982566,67.67352
1.0,0.417549,83.72757
1.0,0.5549853,74.22797
1.0,0.49762276,2058.2856
1.0,0.96988386,324.89038
1.0,0.5954461,142.64117
1.0,0.66417325,99.792755
1.0,0.39675322,180.86986
1.0,0.4982399,93.64195
1.0,0.26871398,568.7872
1.0,0.98727524,370.55194
1.0,0.5580012,120.145134
1.0,0.67140913,225.52489
1.0,0.13783672,75.72214
1.0,0.36896643,138.97325
1.0,0.99744546,81.37868
1.0,0.43604365,117.18222
1.0,0.8955195,68.716515
1.0,0.13069132,161.8945
1.0,0.28401992,167.03883
1.0,0.64037424,1040.0697
1.0,0.7189752,279.49585
1.0,0.46154216,68.26768
1.0,0.5740589,80.51276
1.0,0.11444616,160.30365
1.0,0.53607166,118.161934
1.0,0.42380267,254.714
1.0,0.9974632,67.969376
1.0,0.98687047,370.9478
1.0,0.9773171,136.63708
1.0,0.89470357,78.9612
1.0,0.90635574,144.57964
1.0,0.3830353,123.206505
1.0,0.71460253,143.94472
1.0,0.5929622,92.122345
1.0,0.6062966,291.90875
1.0,0.21171339,106.65302
1.0,0.8354599,101.27905
1.0,0.112838194,111.796585
1.0,0.9680647,153.98242
1.0,0.18455186,90.48202
1.0,0.21062675,77.580635
1.0,0.4310808,95.90526
1.0,0.999966,123.1399
1.0,0.06649148,145.01804
1.0,0.56492805,80.66911
1.0,0.76248866,90.46101
1.0,0.99628925,78.51108
1.0,0.7731662,72.42175
1.0,0.9999994,358.58502
1.0,1.0,85.41423
1.0,0.48937935,69.92591
1.0,1.0,317.7759
1.0,0.514071,73.39256
1.0,0.99999726,129.94748
1.0,1.0,118.44828
1.0,0.55923325,68.041374
1.0,0.15120615,117.03043
1.0,0.25106004,214.09227
1.0,0.57735324,73.92255
1.0,0.9988452,100.22864
1.0,0.7592638,15448.766
1.0,0.39493454,80.69467
1.0,0.99981874,229.27618
1.0,0.25424284,72.68872
1.0,0.5474469,68.58433
1.0,0.9977323,253.16978
1.0,0.5302114,71.33035
1.0,0.8316495,160.99057
1.0,0.1002878,75.94065
1.0,0.4504412,97.41036
1.0,0.95839775,96.74571
1.0,0.20847227,97.43108
1.0,0.37508947,76.77419
1.0,0.7293228,737271.8
1.0,0.99999905,6905.532
1.0,0.9263179,367.0568
1.0,0.67936665,118.74563
1.0,0.657112,69.66084
1.0,0.7027126,68.726234
1.0,0.4229263,125.80201
1.0,0.82394814,97.8328
1.0,0.99859065,76.06399
1.0,0.98796684,106.736725
1.0,0.9453134,346.9398
1.0,0.99999964,5156.6484
1.0,0.8382626,102.320366
1.0,0.14611003,157.26598
1.0,0.99998856,11893.424
1.0,0.7822696,66.27655
1.0,0.39573506,67.289986
1.0,0.9990314,425.91998
1.0,0.58844084,77.4314
1.0,0.415766,70.125595
1.0,0.5500714,73.94249
1.0,0.22170897,137.82393
1.0,0.3621036,121.16259
1.0,0.99999833,5003.2437
1.0,0.4115431,135.10101
1.0,0.43761232,82.45434
1.0,0.4277059,130.51765
1.0,0.5233134,68.18663
1.0,0.5137901,77.22048
1.0,0.99964917,374.9171
1.0,0.7962074,79.925064
1.0,0.5200791,94.71635
1.0,0.46348575,104.94978
1.0,0.9999995,182.4956
1.0,0.33334842,93.17184
1.0,0.77077657,102.252304
1.0,0.9977343,3130.238
1.0,0.33577976,93.874886
1.0,0.6033141,73.0689
1.0,0.4313426,75.445786
1.0,0.99877065,254.86339
1.0,0.4014654,354.62213
1.0,0.5657984,91.77604
1.0,1.0,13483.517
1.0,0.51219153,85.15018
1.0,0.5696032,78.49412
1.0,0.3524874,84.1432
1.0,0.99918765,188.5256
1.0,0.9648559,71.311104
1.0,0.4428471,168.58467
1.0,0.5401847,88.81988
1.0,0.26155138,87.35706
1.0,0.6721299,94.56895
1.0,0.34704772,85.45583
1.0,0.04915472,113.91772
1.0,0.9804694,71.48932
1.0,0.66796947,131.5053
1.0,0.1987599,136.91972
1.0,0.3850377,146.03447
1.0,0.9202267,160.3319
1.0,0.36340246,215.77936
1.0,0.6059836,79.23176
1.0,0.591693,86.07266
1.0,0.54608536,83.73442
1.0,0.99941504,532.281
1.0,0.5610929,365.80255
1.0,0.4109249,76.77223
1.0,0.8679333,1664.0326
1.0,0.50652796,135.09863
1.0,0.15472871,1.5218843e+12
1.0,0.94786584,259.88693
1.0,0.48461208,83.21375
1.0,0.4715262,88.51079
1.0,0.43909597,161.5345
1.0,0.4814246,79.823555
1.0,0.999987,185.47006
1.0,0.5827264,86.98611
1.0,0.41622385,96.79084
1.0,0.9999951,95.78763
1.0,1.0,3292.0962
1.0,1.0,101.67615
1.0,0.9698435,126.35524
1.0,0.3437965,116.15852
1.0,0.9999999,99.06047
1.0,0.9999994,931.71967
1.0,0.49721017,67.870476
1.0,0.18563032,115.98832
1.0,0.6100592,285.33978
1.0,0.9953301,958.5222
1.0,0.7716883,91.15699
1.0,0.99999905,32937.25
1.0,0.78002864,267.1393
1.0,0.83347416,7.322547e+07
1.0,0.25324053,636.93835
1.0,0.059825145,69.18756
1.0,0.47769657,84.599945
1.0,0.36299306,142.4525
1.0,0.9998715,498.71274
1.0,0.47438774,93.238304
1.0,0.1754828,178.39761
1.0,0.52551377,66.03547
1.0,0.9999975,1160.9484
1.0,1.0,4692.104
1.0,0.9931278,79043.43
1.0,0.60351175,80.09549
1.0,0.3949816,224.06732
1.0,0.37474167,189.44452
1.0,0.6862146,70.28043
1.0,0.9999994,25752.197
1.0,0.55870867,77.83181
1.0,0.7207544,106.96315
1.0,0.9721658,1837.6051
1.0,0.999374,90.757324
1.0,0.45764214,282.19348
1.0,0.5039832,98.9597
1.0,1.0,313.64938
1.0,0.42146295,88.23886
1.0,0.45412382,86.69823
1.0,0.99999964,401.72693
1.0,0.49822563,387.618
1.0,0.93284297,300.1516
1.0,0.5351504,74.818436
1.0,0.3313043,74.94583
1.0,0.6830074,65.33799
1.0,0.27230257,117.94334
1.0,0.37439403,91.251724
1.0,0.528256,72.03538
1.0,0.9999999,4950.893
1.0,0.31371048,75.60058
1.0,1.0,422.7567
1.0,0.67794496,94.41843
1.0,0.97706157,131549.19
1.0,0.5386427,122.894615
1.0,0.5083886,80.89009
1.0,0.1281716,422.1002
1.0,0.44820756,260.62473
1.0,0.99993455,232.18262
1.0,0.7899901,160.25903
1.0,0.99164224,3856.7095
1.0,0.5420041,97.0042
1.0,0.3939586,70.02877
1.0,0.54966617,121.00239
1.0,0.97201896,347.58835
1.0,0.9693626,65.401115
1.0,0.6915253,144.07524
1.0,0.61945575,65.52107
1.0,0.9819933,422.37534
1.0,0.6639713,340.7373
1.0,0.86449206,170.81128
1.0,0.24097468,107.81089
1.0,0.6045151,90.79537
1.0,0.6028339,120.668655
1.0,0.30277926,73.21256
1.0,0.5950534,124.220215
1.0,0.47134987,67.10499
1.0,0.63515925,71.34834
1.0,0.1435213,69.66271
1.0,0.47665957,135.30067
1.0,1.0,10006.523
1.0,0.9891885,267.8293
1.0,0.37232992,78.66845
1.0,0.0519463,85.81326
1.0,0.1147621,90.95971
1.0,0.28192276,80.82022
1.0,0.6226259,264.52487
1.0,0.9999839,158.68095
1.0,0.6007533,265.86163
1.0,0.46910065,66.869514
1.0,0.4018644,76.66271
1.0,0.083500125,179.53
1.0,0.9415441,72.80266
1.0,0.7146028,68.906265
1.0,0.2977859,312.85162
1.0,0.15339397,94.04844
1.0,0.5668048,73.47065
1.0,0.99999714,80.95539
1.0,0.54749054,386.22714
1.0,0.66782635,65.6027
1.0,0.5955466,91.87543
1.0,0.41123164,89.61049
1.0,0.5215731,93.78531
1.0,0.6015047,66.97946
1.0,0.6789351,123.47491
1.0,0.23898111,95.178635
1.0,0.91326845,69.37031
1.0,0.79803646,66.44778
1.0,0.9999999,858.3338
1.0,0.3970455,115.98354
1.0,0.49131063,69.61393
1.0,0.99999964,369.10455
1.0,0.99978656,146.76512
1.0,0.17533371,69.36494
1.0,0.6661599,81.937065
1.0,0.23248795,163.47205
1.0,0.11563853,151.18964
1.0,0.56180173,125.53178
1.0,0.6275618,72.29209
1.0,0.48379228,65.56079
1.0,0.21451204,85.24036
1.0,0.3916317,141.30885
1.0,0.59542865,84.68538
1.0,0.5562064,85.87849
1.0,0.15194075,117.2944
1.0,0.5503797,101.72109
1.0,0.58758444,481.06818
1.0,0.42559212,254.74406
1.0,0.556439,76.49854
1.0,0.13808292,119.88515
1.0,0.99910235,93.924736
1.0,0.5921047,76.9979
1.0,0.5572455,83.2456
1.0,0.12278682,89.17221
1.0,0.9999999,855.28156
1.0,0.3787305,66.91513
1.0,0.47301406,242.26195
1.0,0.9999999,104.16204
1.0,0.51060635,123.668655
1.0,0.32768112,101.74544
1.0,0.34688324,133.05664
1.0,0.2913144,74.4381
1.0,0.43312368,197.22684
1.0,0.5752817,87.61262
1.0,0.32066616,200.52802
1.0,0.046205137,299.2567
1.0,0.63709706,76.11599
1.0,0.99710315,2900.115
1.0,0.5808073,83.74969
1.0,0.6829444,83.785324
1.0,0.61854285,70.00849
1.0,0.17944911,74.22996
1.0,0.68942773,69.71117
1.0,0.67084754,499.11316
1.0,0.9957592,321.46835
1.0,0.66516536,82.552414
1.0,0.998166,65.12506
1.0,0.74355674,80.81942
1.0,0.5832568,99.1103
1.0,0.122032024,125.37661
1.0,0.83085865,471.02914
1.0,0.6588872,80.42092
1.0,1.0,152.53487
1.0,0.39018422,81.76301
1.0,0.7233806,108.69393
1.0,0.80616635,88.2509
1.0,0.24653313,81.52584
1.0,1.0,94.46416
1.0,0.62544703,158.16713
1.0,0.5893263,402.24884
1.0,0.56436217,193.71628
1.0,0.5118382,2264.105
1.0,0.5895393,211.19107
1.0,0.13575111,9197.363
1.0,0.99506193,333.0514
1.0,0.9599891,602.63495
1.0,0.45358762,202.96703
1.0,0.2438425,90.473076
1.0,0.01308792,180.85992
1.0,0.65300584,74.440285
1.0,0.43687668,71.8721
1.0,0.08122171,209.13017
1.0,0.9999615,1795.1454
1.0,0.21066272,67.94919
1.0,0.4121662,466.74307
1.0,0.55506766,66.099594
1.0,0.43295166,128.4314
1.0,0.541564,404.83795
1.0,0.47775632,148.58391
1.0,0.7966568,86.80676
1.0,0.82208985,65.65553
1.0,0.18732183,137.09882
1.0,0.4021358,92.61709
1.0,0.40213582,92.61709
1.0,0.44025257,74.64084
1.0,0.99999976,120.68508
1.0,0.19374184,93.239685
1.0,0.6008051,74.77834
1.0,0.6157361,235.04652
1.0,0.46198508,71.916504
1.0,0.9605952,1175.536
1.0,0.62501496,73.32986
1.0,0.99999976,92.10599
1.0,0.48279524,116.92409
1.0,0.99972636,742.8271
1.0,0.9999654,7936.371
1.0,0.5024553,581.8149
1.0,0.79637635,101.04475
1.0,0.72021055,80.35148
1.0,0.23917064,213.81424
1.0,0.49676487,90.68561
1.0,0.10930491,89.075264
1.0,0.2180755,707.7389
1.0,0.38831022,74.1993
1.0,0.5539625,81.86932
1.0,0.36108923,68.41606
1.0,0.73693,66.62894
1.0,0.56478196,69.45399
1.0,0.9997429,66.57922
1.0,0.76048905,117.61183
1.0,0.2677207,72.36957
1.0,0.05695739,80.1793
1.0,0.44122794,91.29201
1.0,0.22020766,133.45064
1.0,0.9981609,119.80712
1.0,0.99698085,267.26443
1.0,0.9994604,170.73393
1.0,0.4263654,102.01155
1.0,0.33572325,118.28063
1.0,0.1719795,448.33463
1.0,0.43046123,105.80649
1.0,0.8469974,82.223236
1.0,0.52797616,94.26127
1.0,0.40710664,197.85342
1.0,0.9329947,124.4212
1.0,0.418547,81.35403
1.0,1.0,6086.4326
1.0,0.9999999,569.9268
1.0,0.48460826,110.043335
1.0,0.8250493,98.16097
1.0,0.45785782,204.13129
1.0,0.37399775,94.38391
1.0,0.6173973,79.308914
1.0,1.0,80.72648
1.0,0.6569827,112.757515
1.0,0.4808984,109.2816
1.0,0.9999782,2156.1296
1.0,0.47357723,67.96113
1.0,0.6356468,66.362724
1.0,0.57432485,94.9672
1.0,0.99999547,466.1971
1.0,0.49009287,71.731995
1.0,0.6736817,288.80148
1.0,0.71158385,115.25836
1.0,0.99492234,103.66722
1.0,0.43283495,278.97754
1.0,0.31863865,178.32632
1.0,0.9998222,2.7862845e+06
1.0,0.59806544,1316.3182
1.0,0.64987123,67.56778
1.0,0.5521347,79.32194
1.0,0.35564083,100.004395
1.0,0.99970454,112.687645
1.0,0.19429322,257.4875
1.0,0.605987,65.428474
1.0,0.15541856,271.67285
1.0,0.45675972,70.87257
1.0,0.39941397,79.46945
1.0,1.0,1952.2468
1.0,0.99608177,99.40133
1.0,0.916417,74.04998
1.0,0.23800181,195.3349
1.0,0.33786705,162.29787
1.0,0.63172245,203.58269
1.0,0.70596343,67.19641
1.0,0.4997261,117.47987
1.0,0.6984931,69.951195
1.0,0.15780455,343.65057
1.0,0.9976901,104.10048
1.0,0.6499834,102.41742
1.0,1.0,1059.0668
1.0,0.40260398,76.28709
1.0,0.44974607,71.93723
1.0,0.4925755,151.27216
1.0,0.5848662,89.02151
1.0,0.7143806,7066.4795
1.0,0.99982256,2115.0017
1.0,0.8849241,73.890656
1.0,0.17551285,210.61484
1.0,0.45181602,85.58652
1.0,0.73677605,69.51697
1.0,0.46472695,240.10074
1.0,0.6549718,121.35531
1.0,0.45946345,105.68371
1.0,0.039567407,253.85925
1.0,0.56376123,369.48325
1.0,0.36148894,76.12882
1.0,1.0,215.38643
1.0,0.999956,1.1222013e+07
1.0,0.7795268,105.13691
1.0,0.8187888,82.82799
1.0,0.5935356,77.260254
1.0,0.4595292,71.797905
1.0,0.9755068,107.20576
1.0,0.3926879,71.213806
1.0,0.20382205,90.66119
1.0,0.3530896,90.28285
1.0,0.43013322,211.1767
1.0,0.9992101,75.7414
1.0,0.34425953,95.19303
1.0,0.6483272,114.959656
1.0,0.60221255,77.166405
1.0,0.8938283,7.332733e+07
1.0,0.55203253,75.13678
1.0,0.9921072,573.9284
1.0,0.74785894,83.871864
1.0,0.517144,365.2465
1.0,0.78116673,108.5134
1.0,0.3496641,156.49911
1.0,0.727113,489.8765
1.0,0.42581654,71.384094
1.0,0.35611942,131.24031
1.0,0.67998195,71.611595
1.0,0.9991062,103.0828
1.0,0.18939453,69.53231
1.0,0.24813072,71.03061
1.0,0.35034648,75.22661
1.0,0.99997246,387.21265
1.0,0.9999951,986.10614
1.0,0.2932308,196.47813
1.0,0.8326332,111.29591
1.0,0.40314537,123.66221
1.0,0.5698788,95.740685
1.0,1.0,111.977356
1.0,0.53136694,75.74652
1.0,0.97649515,350.9588
1.0,0.4146808,89.560844
1.0,0.72063994,84.04759
1.0,0.66113204,71.98679
1.0,0.209275,70.341034
1.0,0.14598767,67.14055
1.0,0.2807155,115.909515
1.0,0.48057765,106.47068
1.0,0.39259306,402.9391
1.0,0.91036594,97.203545
1.0,0.6603428,74.52715
1.0,0.4588194,78.2299
1.0,0.17731336,72.89479
1.0,0.14613335,120.17495
1.0,0.9996619,1411.0885
1.0,0.9989994,81.32002
1.0,0.45716,66.293106
1.0,0.3230644,84.88722
1.0,0.9976853,110.30402
1.0,0.5274733,89.62709
1.0,0.3859946,72.39607
1.0,0.34492892,86.9304
1.0,0.93091476,236.9829
1.0,0.9960156,164.8176
1.0,0.8903349,295.90677
1.0,0.5620013,70.359146
1.0,0.0484235,106.00568
1.0,0.5722134,67.269875
1.0,0.5289342,78.24502
1.0,0.49563825,143.30472
1.0,0.297836,77.95557
1.0,0.28264835,74.8721
1.0,1.0,275.68173
1.0,0.85672784,65.645065
1.0,0.58587044,89.680595
1.0,0.7497914,421.30753
1.0,0.22281785,92.95406
1.0,0.97837275,89.4332
1.0,0.44535723,77.28622
1.0,0.3122224,67.55843
1.0,0.5660669,71.91617
1.0,0.9455849,117.201584
1.0,0.45435768,90.77172
1.0,0.60951644,69.40461
1.0,0.82931626,308.73907
1.0,0.90466535,68.26213
1.0,0.8608275,385.99716
1.0,1.0,3659.8635
1.0,0.13555412,68.38388
1.0,0.52088875,101.74616
1.0,0.99999094,2066.4443
1.0,0.2613185,71.17119
1.0,0.5032538,164.26839
1.0,0.14219125,69.69944
1.0,0.99987924,734.07635
1.0,0.16535056,97.99056
1.0,0.61710614,107.213646
1.0,0.24245082,65.7341
1.0,0.44348344,152.08752
1.0,0.24769206,69.568146
1.0,0.22081995,69.43971
1.0,0.29861113,206.8284
1.0,0.2756277,97.860306
1.0,0.627549,79.8959
1.0,0.81232977,113.070114
1.0,0.27009317,660.98535
1.0,0.32996607,102.73829
1.0,0.21376441,95.94899
1.0,0.9967192,478.61624
1.0,0.1781582,92.95266
1.0,0.75221676,81.66585
1.0,0.9998105,76.2586
1.0,0.49954695,108.04392
1.0,0.59403574,644.29944
1.0,0.99974316,513.65094
1.0,0.6948578,359.8222
1.0,1.0,16198.136
1.0,0.8715354,137.2058
1.0,0.44428232,78.6377
1.0,0.31127924,88.933266
1.0,0.9812134,1435.488
1.0,0.42961627,66.373695
1.0,0.50499064,80.50396
1.0,0.9952525,65.60936
1.0,0.21380325,81.82547
1.0,0.5406841,550.33124
1.0,0.33643514,73.49134
1.0,0.9998287,88.074066
1.0,0.46617767,104.58267
1.0,0.9487847,88.02631
1.0,0.52205133,65.27107
1.0,1.0,230.85356
1.0,0.5232574,117.261185
1.0,0.9064839,203.7116
1.0,0.7861438,200.5912
1.0,0.72498864,94.27369
1.0,0.3266981,66.605896
1.0,0.37128782,89.320366
1.0,0.9034465,69.706406
1.0,1.0,114.462975
1.0,0.691832,73.10212
1.0,0.4721544,65.29159
1.0,0.4400405,183.41512
1.0,0.46154216,100.39412
1.0,0.76331025,287.2579
1.0,0.47542965,134.06944
1.0,0.9856065,420.90088
1.0,0.56662357,88.497574
1.0,0.4166194,65.75984
1.0,0.469922,70.194565
1.0,0.63074094,150.71579
1.0,0.2732083,77.28516
1.0,0.9999821,1204.7867
1.0,0.69431293,93.59146
1.0,0.68383557,69.77
1.0,0.44911397,138.44774
1.0,0.6685616,68.97276
1.0,0.46154216,633.47144
1.0,0.45846844,815.3692
1.0,0.5573882,72.25343
1.0,0.7547098,93.85896
1.0,0.3833431,435.14282
1.0,0.5077524,93.57143
1.0,0.23607819,9518.197
1.0,0.4077672,112.559296
1.0,0.21983652,70.18441
1.0,0.5620437,74.472374
1.0,0.4135711,85.211205
1.0,0.9984823,86.885315
1.0,0.89070565,115.89189
1.0,0.9999974,6936.3574
1.0,0.47309414,90.16987
1.0,0.7368681,270.45886
1.0,0.12220341,231.01279
1.0,0.9999987,20908.412
1.0,0.17683749,122.39906
1.0,0.44366407,117.63082
1.0,0.42854956,146.05821
1.0,0.5349588,203.11751
1.0,0.5211642,68.806755
1.0,0.99296075,509.19977
1.0,0.4170695,75.57931
1.0,0.9977083,75.29521
1.0,0.98049325,807.1319
1.0,0.9999976,72.401375
1.0,0.1792945,97.14103
1.0,0.37817484,82.08237
1.0,0.37548056,89.069786
1.0,0.01715259,297.4095
1.0,0.56109977,89.22245
1.0,0.22894147,140.78804
1.0,0.41944927,65.63026
1.0,0.4237953,161.86366
1.0,0.5828121,72.28769
1.0,0.9999999,171.45934
1.0,0.48744687,83.64798
1.0,0.82943666,73.14166
1.0,0.47946805,76.661705
1.0,0.51878977,103.40559
1.0,0.99872357,559.0318
1.0,1.0,68.90025
1.0,0.57253784,81.79484
1.0,0.48370168,83.0289
1.0,0.4333551,79.466034
1.0,0.625637,73.959076
1.0,0.6031436,85.85186
1.0,0.46366206,297.1699
1.0,0.6896257,106.39501
1.0,0.49420407,93.454636
1.0,0.1619787,165.30556
1.0,0.1619787,165.30556
1.0,0.79241556,101.67492
1.0,1.0,493.4672
1.0,0.99997175,843.04333
1.0,0.46154216,176.26836
1.0,0.5277979,123.9446
1.0,0.51120824,95.39149
1.0,0.50717556,85.254654
1.0,0.41277662,183.4547
1.0,0.5534278,253.64389
1.0,0.63360405,104.11648
1.0,0.6755081,67.49506
1.0,0.5383022,75.274345
1.0,0.43645924,67.87444
1.0,0.5899063,110.9228
1.0,0.09412188,65.18612
1.0,0.38050097,103.68185
1.0,0.9976981,76.80497
1.0,0.086763985,70.19934
1.0,0.7773382,136.9646
1.0,0.3228142,78.98912
1.0,0.4708186,123.657455
1.0,0.3901376,105.91185
1.0,0.9923963,128.14708
1.0,0.13459101,213.92625
1.0,0.907523,140.90851
1.0,0.97872466,260.7959
1.0,0.10407041,66.35478
1.0,0.6502673,73.946045
1.0,0.71834576,65.48191
1.0,0.9999999,90.58597
1.0,0.7524194,331.78616
1.0,0.99998987,72.47003
1.0,0.9954378,148.4802
1.0,0.6441768,69.900345
1.0,0.52678806,70.78745
1.0,0.5762854,65.14919
1.0,0.99989164,10759.077
1.0,0.5569514,109.51534
1.0,0.9951238,328.8886
1.0,0.513725,117.65491
1.0,0.5137249,117.65491
1.0,0.54835445,172.0667
1.0,0.98995906,875.99915
1.0,0.1992613,98.47397
1.0,0.893586,80.38543
1.0,0.47407192,67.9992
1.0,0.52802384,65.21575
1.0,0.23895252,106.0073
1.0,0.2468164,103.03194
1.0,0.50055456,95.237885
1.0,0.58075297,77.52567
1.0,0.27408147,71.933304
1.0,0.49063647,93.33732
1.0,0.9852926,126.0904
1.0,0.5335208,89.08578
1.0,0.3297956,105.69618
1.0,1.0,242.07025
1.0,0.7223542,377039.97
1.0,0.45336425,263.90842
1.0,0.9992912,301.1687
1.0,0.9861156,117.41082
1.0,0.615714,71.94539
1.0,1.0,94.17334
1.0,0.609006,95.26944
1.0,0.25892505,75.34202
1.0,0.47899637,117.95771
1.0,0.72126776,86.61831
1.0,0.9999112,127.736465
1.0,0.81163317,113.40711
1.0,0.9999925,3428.4558
1.0,1.0,36780.695
1.0,0.8962828,212.78555
1.0,1.0,35746.195
1.0,0.8510421,147.82773
1.0,0.6108047,74.44294
1.0,0.9999995,762.1133
1.0,0.5485853,192.75307
1.0,0.5893392,88.34367
1.0,0.5754451,305.9124
1.0,0.46274254,91.366714
1.0,0.82115716,75.30088
1.0,0.50651324,143.338
1.0,0.7217235,431.7098
1.0,0.6495325,190.17622
1.0,0.9992574,841.75586
1.0,0.805058,202.08492
1.0,0.4870527,172.71478
1.0,0.7123502,65.19968
1.0,0.53304625,81.341835
1.0,0.2605086,104.729866
1.0,0.92358404,403.1205
1.0,0.45558876,65.63847
1.0,0.61888313,85.0873
1.0,0.37838277,127.00443
1.0,0.3854332,84.710045
1.0,0.7303388,395.0725
1.0,0.9178137,76.13279
1.0,0.52393603,107.36213
1.0,0.99238056,81.8095
1.0,0.48175964,65.56169
1.0,0.99655175,81.06698
1.0,0.9999511,113.81614
1.0,0.11938102,144.56805
1.0,0.92699414,98.06986
1.0,0.17865232,171.46884
1.0,0.5882715,67.56222
1.0,0.7962534,114.60684
1.0,0.9999907,1298.1058
1.0,0.748164,189.54303
1.0,0.6416047,85.43724
1.0,0.625121,83.253235
1.0,0.99933964,92.39694
1.0,0.942961,241.1091
1.0,0.110792555,65.28184
1.0,0.48814064,79.75881
1.0,0.9999962,114.30975
1.0,0.6343702,119.62776
1.0,0.9272524,316.559
1.0,0.80597764,106.81627
1.0,0.20391273,101.57053
1.0,0.8406496,78.07352
1.0,0.6436755,65.11898
1.0,0.45380515,71.63703
1.0,0.628289,78.52766
1.0,0.7044172,169.74077
1.0,0.49187797,67.27086
1.0,0.5951159,79.362206
1.0,0.99808145,98.8948
1.0,0.7928676,233.53152
1.0,0.8477709,77.49142
1.0,0.5175977,104.81269
1.0,0.5452782,103.29098
1.0,0.3156142,4060.938
1.0,0.112787314,184.40971
1.0,0.84361655,121.16452
1.0,0.047466733,264.74338
1.0,1.0,12189.507
1.0,0.6350999,281.8874
1.0,0.6259454,70.93477
1.0,0.41577446,97.082115
1.0,0.16654353,71.40302
1.0,0.51242566,94.80926
1.0,0.9980872,347.6036
1.0,0.45805967,68.40003
1.0,0.6434842,69.46375
1.0,0.4320904,74.71199
1.0,0.96171397,68.59817
1.0,0.63949263,105.410095
1.0,0.7045209,67.98232
1.0,0.4086686,132.1713
1.0,0.4035315,69.97297
1.0,0.50409675,152.24207
1.0,0.46932158,228.19942
1.0,0.8472138,134.3939
0.0,0.5363137,363.10233
0.0,0.0051866095,40874.69
0.0,0.4523202,187.59572
0.0,0.36843586,1436.7858
0.0,0.53956836,106.06575
0.0,0.43854564,131.81094
0.0,0.41349047,21959.979
0.0,0.011960732,51148.312
0.0,0.2359985,8196.229
0.0,0.8015571,3912.1787
0.0,0.3502293,9517.946
0.0,0.22829571,473.58936
0.0,0.4973012,104.06002
0.0,0.23991075,1377.4937
0.0,0.0063200127,4719.296
0.0,0.2974725,567.03595
0.0,0.406508,66.386116
0.0,0.27159637,4986.9546
0.0,0.13144991,131.186
0.0,0.088532165,534.063
0.0,0.30992922,1154.3763
0.0,0.07530368,1883.4944
0.0,0.694337,1379.1265
0.0,0.4847986,110.000755
0.0,0.19357093,240.57454
0.0,0.23293771,139.61069
0.0,0.075070985,1020.76196
0.0,0.023370156,4005.967
0.0,0.17363386,761.8577
0.0,0.10218444,1108.004
0.0,0.04608429,166.10545
0.0,0.27387694,86.83098
0.0,0.43414578,114.04173
0.0,0.23752038,20175.125
0.0,0.3617548,146.39087
0.0,0.8904839,1113.1033
0.0,0.053931687,292.31177
0.0,0.8224181,1810.6398
0.0,0.026932241,2360.3286
0.0,0.14409731,2785.486
0.0,0.043677155,265.44934
0.0,0.11095737,73.63142
0.0,0.33942297,74.01816
0.0,0.34317005,646.1995
0.0,0.005087709,5564.1035
0.0,1.0,15806.088
0.0,0.21797125,697.0717
0.0,0.5724675,2817.3855
0.0,0.27273804,1473.6572
0.0,0.26607823,70.131355
0.0,0.06795913,47690.3
0.0,0.17592192,71.986305
0.0,0.07250155,1178.4508
0.0,0.6270079,2455.1233
0.0,0.8650719,84.23629
0.0,0.68050057,2244.5266
0.0,0.35525018,64088.043
0.0,0.009053613,8224.322
0.0,0.027339736,9758.321
0.0,0.9618774,702.02924
0.0,0.43079203,78.35364
0.0,0.31267416,254.76686
0.0,0.38978064,70.35424
0.0,0.7246214,779.37683
0.0,0.00017411316,56861.64
0.0,0.022858027,11943.019
0.0,0.99998105,3644.8115
0.0,0.14835264,531.4903
0.0,0.13575947,20697.004
0.0,0.35150453,484.4153
0.0,0.18532518,6995.505
0.0,0.68842196,456.88483
0.0,0.21444425,952.7854
0.0,0.5579409,331.45502
0.0,0.072793975,32540.518
0.0,0.011120152,581.0807
0.0,0.1967609,1127.9213
0.0,0.09353012,227.2508
0.0,0.20465954,70.25385
0.0,0.07183832,89.24442
0.0,0.10655242,116.90734
0.0,0.06287629,671.19543
0.0,0.53018874,79.10281
0.0,0.13769189,1858.4882
0.0,0.7882021,1858.5739
0.0,0.22214748,111.76872
0.0,0.9151034,157.66708
0.0,0.25517043,2002.3749
0.0,0.36912656,1826.668
0.0,0.04547887,6298.924
0.0,0.2722721,529.16614
0.0,0.19853309,68.95593
0.0,0.12738869,1582.9048
0.0,0.62297964,76.1381
0.0,0.94813937,249.95837
0.0,0.8195499,227.6896
0.0,0.23031415,992.14386
0.0,0.13068374,96.44117
0.0,0.080224715,152.39911
0.0,0.18358348,1739.5906
0.0,0.30391288,7280.2915
0.0,0.007326193,28811.232
0.0,0.058798928,574.72327
0.0,0.42769554,1602.2667
0.0,0.091558956,4063.2751
0.0,0.22663353,521.78845
0.0,0.17869575,93.37248
0.0,0.7538511,536.1607
0.0,0.63727933,72.600784
0.0,0.5099985,461.6325
0.0,0.09040469,19785.656
0.0,0.84789497,3101.7803
0.0,0.042907014,5845.1753
0.0,0.025351575,9943.014
0.0,0.19545583,90.73789
0.0,0.30148616,2119.1135
0.0,0.04124915,1307.9093
0.0,0.15353179,1096.5166
0.0,0.0574527,3476.4504
0.0,0.31748,91.60286
0.0,0.51020044,103629.266
0.0,0.46952978,587.63873
0.0,0.96239555,1040.951
0.0,0.18851599,14640.421
0.0,0.34117162,291.0265
0.0,0.07183125,1981.6508
0.0,0.04894195,1261.5714
0.0,0.26007718,94.04459
0.0,0.0010451265,1251.1685
0.0,0.09750898,3476.4524
0.0,0.38270158,653.748
0.0,0.017957177,4286.12
0.0,1.0,392.22214
0.0,0.018453157,2821.5273
0.0,0.23828153,72.343925
0.0,0.22901899,23266.123
0.0,0.29580376,227.58626
0.0,0.120196484,3875.4438
0.0,0.5319884,83.78321
0.0,0.059538413,921.32513
0.0,0.1746974,115.51389
0.0,0.6498208,5080.4487
0.0,0.34850636,1481.5986
0.0,0.21578418,255.38315
0.0,0.05093773,11491.713
0.0,0.6318526,7604.787
0.0,0.026331374,757.6385
0.0,0.10210178,692.3674
0.0,0.3690544,957.1761
0.0,0.5405849,156.00964
0.0,0.69457424,442.36725
0.0,0.47103524,981.2465
0.0,0.53907037,2096.9014
0.0,0.5445458,110.295
0.0,0.59026045,5913.731
0.0,0.18464223,42400.855
0.0,0.074803665,105.369774
0.0,0.06488298,231.74965
0.0,0.40563858,65.14265
0.0,0.41769943,711.64197
0.0,0.63232565,76.736336
0.0,0.083943315,24970.244
0.0,0.52823365,3781.3945
0.0,0.45371825,177.17068
0.0,0.0033750625,73752.69
0.0,0.08494357,34802.023
0.0,0.9081282,743.7073
0.0,0.9081282,743.7073
0.0,0.11082277,1263.7501
0.0,0.08060162,355.39606
0.0,0.018607935,407.8156
0.0,0.26776007,2423.0225
0.0,0.024036186,682.3449
0.0,0.5551173,5665.6455
0.0,0.93532526,98.03732
0.0,0.51649797,90.10653
0.0,0.02928572,1110.913
0.0,0.3391337,531.56616
0.0,0.46113074,355.65485
0.0,0.099895485,103.48628
0.0,0.08132054,154.31017
0.0,0.018595068,1728.2308
0.0,0.016529301,862.7301
0.0,0.060103618,63065.15
0.0,0.43058598,89.05673
0.0,0.021237534,4000.921
0.0,0.14825669,11042.95
0.0,0.37536487,225.59312
0.0,0.333357,3428.3843
0.0,0.036621887,8474.051
0.0,0.98624724,272.1749
0.0,0.036205627,5451.147
0.0,0.11631135,75.94503
0.0,0.0020908366,34602.45
0.0,0.48357064,309.81824
0.0,0.028089488,1281.5664
0.0,0.010622732,6254.202
0.0,0.005154559,347.63608
0.0,0.49264944,73.561844
0.0,0.16662195,790.06555
0.0,0.7475718,1651.5072
0.0,0.16616343,47100.87
0.0,0.21158606,668.05566
0.0,0.28325158,79.42523
0.0,0.14158432,1898.0325
0.0,0.08374311,201.78615
0.0,0.11866476,90.79559
0.0,0.33896,855.1055
0.0,0.30251774,75.25647
0.0,0.0021475386,3967.3933
0.0,0.10413321,1895.7592
0.0,0.023783443,300.32516
0.0,0.10100057,23085.508
0.0,0.51674426,69.48278
0.0,0.57922286,862.1241
0.0,0.12296024,301.90533
0.0,0.11584037,105.41253
0.0,0.40890864,890.2691
0.0,0.060429957,123.95087
0.0,0.18545564,4872.183
0.0,0.062417906,67.86137
0.0,0.123692855,1862.7557
0.0,0.39704219,163120.36
0.0,0.35253072,216.6161
0.0,0.03425206,79.764984
0.0,0.0043465113,1473.5504
0.0,0.402456,70.67709
0.0,0.048909836,111.88291
0.0,0.40300018,509.9601
0.0,0.02896364,427.48453
0.0,0.17701334,17688.232
0.0,0.17376661,565.52014
0.0,0.27200988,38418.41
0.0,0.14004995,16433.613
0.0,0.35975108,827.3242
0.0,0.15905905,125.314545
0.0,0.9992518,2779.5562
0.0,0.19696876,3501.8435
0.0,0.25665122,4340.9395
0.0,0.83073187,3074.624
0.0,0.19595937,70.953735
0.0,0.24021412,1026.5706
0.0,0.24511638,71.62111
0.0,0.038815342,895.94824
0.0,0.54509985,397.44235
0.0,0.37375882,847.8141
0.0,0.5799459,149.21954
0.0,0.012674852,1708.0892
0.0,0.001713717,5826.491
0.0,0.010535248,1412.672
0.0,0.22625208,1005.5921
0.0,0.003309593,24789.625
0.0,0.12668987,2531.0195
0.0,0.68984103,203.33585
0.0,0.70752525,57913.297
0.0,0.081973776,1095.1702
0.0,0.17364587,505.96823
0.0,0.77940184,1790.8517
0.0,0.37102085,302.2594
0.0,0.0970252,335.74982
0.0,0.28969577,95.60546
0.0,0.049999967,1039.4155
0.0,0.14676028,8561.191
0.0,0.2621,70.32288
0.0,0.898968,12384.659
0.0,0.15058066,73.11059
0.0,0.33892977,641.3872
0.0,0.6166998,8092.2246
0.0,0.0057107056,22420.39
0.0,0.025867557,6363.002
0.0,0.62070197,1866.5863
0.0,1.0,75.35067
0.0,0.7212844,137.32434
0.0,0.002739377,39817.438
0.0,0.47411287,18234.52
0.0,0.03577894,274.84018
0.0,0.3389437,156.55049
0.0,0.005826248,43315.652
0.0,0.00081571063,96274.75
0.0,0.16584446,86.84261
0.0,0.9005271,80.43423
0.0,0.27135953,29254.566
0.0,0.43402964,1836.1761
0.0,0.02300277,4121.489
0.0,0.03619405,362.67
0.0,0.26271284,84.41878
0.0,0.2532771,214.17867
0.0,0.6323098,186.38553
0.0,0.026704492,9870.892
0.0,0.5136825,6719.7188
0.0,0.0043580206,6725.55
0.0,0.13292891,103.32274
0.0,0.0121682845,1858.7188
0.0,0.4462762,93.72329
0.0,0.20840304,90.235756
0.0,0.2827663,117.43641
0.0,0.33452746,541.07715
0.0,0.13190182,872.4702
0.0,0.46641064,120.50686
0.0,0.33297312,74.09426
0.0,0.09358472,2331.832
0.0,0.99099004,628.3523
0.0,0.055324,25318.285
0.0,0.00049406965,984.12354
0.0,0.017644877,2559.8474
0.0,0.059928026,2258.0054
0.0,0.08141087,144.56583
0.0,0.09981959,7589.0225
0.0,0.072146825,3869.9182
0.0,0.09602435,74.51122
0.0,0.34933227,82.9412
0.0,0.042299204,155.78029
0.0,0.62522155,74006.336
0.0,0.006697265,10696.215
0.0,0.46929002,181.80542
0.0,0.08267038,96.93593
0.0,0.061451454,1132.4106
0.0,0.5136747,120.14606
0.0,0.43738222,6160.5767
0.0,0.5342086,1108.3977
0.0,0.13106307,61485.21
0.0,0.79369885,18317.975
0.0,0.50700825,157.97466
0.0,0.10616465,166.3283
0.0,0.27269605,785.7915
0.0,0.09648983,3521.519
0.0,0.6236797,818.03375
0.0,0.0101152165,17220.256
0.0,0.5575024,14346.577
0.0,0.019254489,1191.6952
0.0,0.2666255,115.87198
0.0,0.18705018,176.9209
0.0,0.5068139,154.19186
0.0,0.318641,101.82982
0.0,0.007399746,1628.6079
0.0,0.030310676,5157.118
0.0,0.5561075,82.80339
0.0,0.77456564,5279.176
0.0,0.5014474,358.77896
0.0,0.13609982,246.78255
0.0,0.19405602,439.44235
0.0,0.29723054,425.0387
0.0,0.032645084,36399.285
0.0,0.10053151,735.96844
0.0,0.07172265,14068.652
0.0,0.06318202,23411.596
0.0,0.18733944,142.33556
0.0,0.19726211,1299.2401
0.0,0.42244208,160.94374
0.0,0.14933905,2102.2693
0.0,0.011938995,23979.803
0.0,0.051052418,1921.3702
0.0,0.01791997,1481.8289
0.0,0.3216227,1953.4808
0.0,0.31547284,1792.7866
0.0,0.069525346,118.16018
0.0,0.39570063,1327.5289
0.0,0.14701706,1239.3568
0.0,0.3177706,597.3907
0.0,0.17384817,67.090416
0.0,0.006322424,1013.1442
0.0,0.4921188,150.3695
0.0,0.46077532,66.31134
0.0,0.33144492,187.34943
0.0,0.12109073,139.95241
0.0,0.32167616,72.79343
0.0,0.08232143,212.00212
0.0,0.012466074,3798.276
0.0,0.14074163,78.077675
0.0,0.033618215,192.10149
0.0,0.44599283,3682.5347
0.0,0.17444411,74.35941
0.0,0.14997202,2782.0583
0.0,0.119075365,134.98758
0.0,0.8482249,2820.6555
0.0,0.047758378,1243.8146
0.0,0.49879104,384.2976
0.0,0.6510637,6965.5913
0.0,0.03953287,867.6798
0.0,0.11449119,416.94617
0.0,0.13995892,35002.867
0.0,0.3408263,365.09476
0.0,0.5231025,77.36394
0.0,0.09909953,605.0433
0.0,0.19517557,73.808655
0.0,0.00011791099,88906.32
0.0,0.06868054,531.228
0.0,0.33710808,810.2178
0.0,0.052205365,188.77852
0.0,0.16710576,1257.9365
0.0,0.8104614,275.5923
0.0,0.25425714,136.52448
0.0,0.76691914,982.92706
0.0,0.013561563,1129.1113
0.0,0.00043342318,31154.908
0.0,0.75230205,105.08117
0.0,0.77030796,67.363174
0.0,0.9981944,2508.6897
0.0,0.021420298,1980.3588
0.0,0.27231655,1459.0145
0.0,0.07704023,221.72649
0.0,0.3035717,711.13464
0.0,0.31946725,1971.293
0.0,0.4059802,323.683
0.0,0.081825286,698.67584
0.0,0.22817953,4179.054
0.0,0.004895082,913.0128
0.0,0.14086768,66.662575
0.0,0.25975612,490.87607
0.0,0.638224,347.62766
0.0,0.20498945,1185.3518
0.0,0.24923286,115.93027
0.0,0.14899346,5119.3906
0.0,0.19213793,4357.99
0.0,0.48815626,69.165764
0.0,0.010210101,6963.8325
0.0,0.49675152,186.47047
0.0,0.06356329,1724.4031
0.0,0.45858693,507.39743
0.0,0.011991257,36829.676
0.0,0.3528612,4836.4683
0.0,0.04860007,1206.5977
0.0,0.4227252,169.58066
0.0,0.24658789,105.05631
0.0,0.3078133,127.457184
0.0,0.87106705,2047.923
0.0,0.006885697,1469.9114
0.0,0.023104858,2028.3336
0.0,0.42043397,1180.2844
0.0,0.32212037,115.0128
0.0,0.10854099,2500.0364
0.0,0.06628438,69.616875
0.0,0.09305028,239.11026
0.0,0.22893393,283.44257
0.0,0.0030442728,3972.7527
0.0,0.33258444,691.2595
0.0,0.359412,28950.28
0.0,0.04897409,5306.4653
0.0,0.01627398,2410.629
0.0,0.09967427,256.66724
0.0,0.48995215,267.96167
0.0,0.045222756,1259.1407
0.0,0.05933279,26801.832
0.0,0.3990116,91.18031
0.0,0.16929898,637.81555
0.0,0.19212574,584.1627
0.0,0.10736799,90.10952
0.0,0.05083615,92.489204
0.0,0.033793088,3072.8743
0.0,0.08930173,97.25791
0.0,0.008140144,74022.51
0.0,0.008593249,396.794
0.0,0.0029907026,41354.41
0.0,0.46031448,9341.108
0.0,0.45076114,292.98297
0.0,0.06891533,108.16891
0.0,0.18002994,9801.067
0.0,0.0049331677,30779.611
0.0,0.17278448,18374.498
0.0,0.068721294,613.4849
0.0,0.20128416,3792.9375
0.0,0.24949925,10083.794
0.0,0.2648284,302.72852
0.0,0.0012263977,36295.883
0.0,0.014807713,697.8509
0.0,0.87977177,1757.6201
0.0,0.20101658,138.8998
0.0,0.20515141,96.0708
0.0,0.01916853,1814.4489
0.0,0.28996262,273.9457
0.0,0.65028274,1584.4784
0.0,0.10398944,3953.409
0.0,0.50562733,9913.511
0.0,0.8451594,117.6697
0.0,0.21473458,156.00793
0.0,0.2153458,238.1083
0.0,0.0030083163,769.47876
0.0,0.004833289,3366.83
0.0,0.29402235,1028.8035
0.0,0.03946529,7864.9795
0.0,0.020590613,2051.105
0.0,0.045075145,1654.8125
0.0,0.00028155558,1221.6068
0.0,0.0591017,2680.775
0.0,0.10058381,745.5464
0.0,0.22348753,317.65903
0.0,0.8489199,78.03456
0.0,0.27649787,74.38742
0.0,0.3841773,93.096344
0.0,0.10581435,1220.9994
0.0,0.006997958,13963.606
0.0,0.09921048,2400.6672
0.0,0.15591876,1156.8944
0.0,0.20158221,68.53
0.0,0.44024056,1670.2837
0.0,0.26100448,69.91296
0.0,0.013534879,2515.055
0.0,0.74402547,994.9889
0.0,0.105031535,704.28784
0.0,0.11963556,21610.596
0.0,0.44349423,112.763084
0.0,0.27584165,82.94634
0.0,0.44573045,68.55982
0.0,0.0068184696,38463.023
0.0,0.48154223,18041.428
0.0,0.025590671,14389.345
0.0,0.30573255,2856.4634
0.0,0.27795792,454.50824
0.0,0.2779579,454.50824
0.0,0.17976658,229.83409
0.0,0.0039148796,2307.489
0.0,0.6518647,747.1304
0.0,0.1692015,1207.9777
0.0,0.35103026,221.67001
0.0,0.16104026,84.5544
0.0,0.015260833,95.10625
0.0,0.0043513486,733.142
0.0,0.38075843,34723.207
0.0,0.015317699,20821.816
0.0,0.041051,20153.518
0.0,0.22096841,6655.7046
0.0,0.1894442,97.25935
0.0,0.0623598,165.60712
0.0,0.037202526,621.5159
0.0,0.7037914,8088.3384
0.0,0.3213372,533.9589
0.0,0.5800306,230.13887
0.0,0.7646348,5804.695
0.0,0.022798546,689.4036
0.0,0.54086,746.2872
0.0,0.9486329,298.00568
0.0,0.013890578,8979.849
0.0,0.09104711,33718.465
0.0,0.29896793,159.74246
0.0,0.99992466,152.08986
0.0,0.007541978,4879.5767
0.0,0.38960233,1548.0663
0.0,0.38883522,71.97546
0.0,0.46422926,152.25812
0.0,0.018976888,31686.865
0.0,0.438573,2084.2803
0.0,0.01190882,7007.005
0.0,0.13230541,68.346275
0.0,0.19890341,130.11923
0.0,0.0007097292,33117.438
0.0,0.0013912104,25060.69
0.0,0.47645056,1124.4226
0.0,0.7232417,5981.921
0.0,0.006410861,3936.441
0.0,0.49345344,4887.85
0.0,0.65254587,68.59926
0.0,0.9800131,98.91739
0.0,0.5552529,2053.3896
0.0,0.19032326,72.53264
0.0,0.023476262,7730.8027
0.0,0.04510608,535.71735
0.0,0.6239411,904.64886
0.0,0.36564523,710.57855
0.0,0.12706678,314.61874
0.0,0.06478993,9839.646
0.0,0.6558003,69.64948
0.0,0.8174618,8284.363
0.0,0.14091225,10465.204
0.0,0.11577475,98.02973
0.0,0.32261688,199.62888
0.0,0.45115536,66.27822
0.0,0.19578446,186.62143
0.0,0.064603046,267.82123
0.0,0.064603046,267.82123
0.0,0.56296057,441.56873
0.0,0.91159487,1763.2769
0.0,0.047551163,105.77361
0.0,0.32733077,1407.151
0.0,0.3773358,1897.0553
0.0,0.0013418391,7729.954
0.0,0.4920022,94.33061
0.0,0.009429694,22625.443
0.0,0.47354922,31453.104
0.0,0.8200355,4210.037
0.0,0.6137279,233.4755
0.0,0.66180545,339.5926
0.0,0.07636923,526.711
0.0,0.59431034,190785.02
0.0,0.19812939,1487.718
0.0,0.38401714,1842.6945
0.0,0.00022280434,76568.54
0.0,0.581819,5683.964
0.0,0.2783078,447.1273
0.0,0.47965282,76.261505
0.0,0.59660715,143.2665
0.0,0.33956152,362.27005
0.0,0.33120605,173.0899
0.0,0.0017314365,4077.4556
0.0,0.35973632,4637.5806
0.0,0.9945274,3766.2976
0.0,0.17533283,1514.4159
0.0,0.5733975,782.0942
0.0,0.06758707,1254.4202
0.0,0.99995303,7960.8555
0.0,0.08172997,91.15714
0.0,0.5747146,79.184975
0.0,0.28054366,1487.6804
0.0,0.0013665687,1586.3567
0.0,0.27407426,129.4485
0.0,0.0018269323,5915.1562
0.0,0.9016892,200.11649
0.0,0.014103472,21272.05
0.0,0.3043368,922.9157
0.0,0.25592527,391.19254
0.0,0.11341023,11829.738
0.0,0.33919418,71.20179
0.0,0.6616226,5482.9663
0.0,0.8104976,2316.399
0.0,0.046789866,14768.725
0.0,0.098445095,2518.4165
0.0,0.3383094,77.99212
0.0,0.13292803,103.14796
0.0,0.16978939,2678.4507
0.0,0.039065313,314.92477
0.0,0.001861372,29654.865
0.0,0.001764699,8181.254
0.0,0.28522617,251.03664
0.0,0.20688242,84.85445
0.0,0.44599482,74.65965
0.0,0.6068708,95.93946
0.0,0.44533235,84.68286
0.0,0.9873618,42811.207
0.0,0.17947456,98.34674
0.0,0.046047997,112.082275
0.0,0.39590368,594.141
0.0,0.8810457,988.7059
0.0,0.069515556,67.31552
0.0,0.098921925,84.14473
0.0,0.23616324,564.083
0.0,0.31807166,114.52388
0.0,0.539164,150.54767
0.0,0.076974384,2890.1274
0.0,0.033230912,20153.473
0.0,0.010224784,4688.0
0.0,0.13721429,125.016464
0.0,0.06653176,1486.3173
0.0,0.06653175,1486.3173
0.0,0.067335926,11282.711
0.0,0.2626737,1399.9252
0.0,0.094559,1124.9456
0.0,0.48353952,502.2419
0.0,0.00974523,2895.365
0.0,0.4260806,69.26836
0.0,0.3812933,69.01035
0.0,1.0,225.90419
0.0,0.00042967557,1132.164
0.0,0.45772445,2832.7783
0.0,0.013142918,2531.3071
0.0,0.40706176,116.00615
0.0,0.43613204,1190.805
0.0,0.59847534,70.74899
0.0,0.010364536,1500.4379
0.0,0.005194141,5825.551
0.0,0.06274984,2393.941
0.0,0.5219969,160.22887
0.0,0.021361759,133.00691
0.0,1.0,96.37898
0.0,0.4298868,113.8122
0.0,0.36657557,536.1731
0.0,0.029487045,1008.5554
0.0,0.0387262,1789.1644
0.0,0.037028395,9207.492
0.0,0.16630064,13714.48
0.0,0.5332659,231.72064
0.0,0.5638066,2347.8833
0.0,0.14811036,3859.7893
0.0,0.5860815,141.66211
0.0,0.23529047,107.990074
0.0,0.19969611,833.0544
0.0,0.042131696,1442.9672
0.0,0.13051198,3619.3372
0.0,0.3552019,12835.837
0.0,0.08271239,437.63458
0.0,0.0020269377,4856.124
0.0,0.33163694,6867.722
0.0,0.13523203,3499.1743
0.0,0.116643466,261.3813
0.0,0.15043548,284.6495
0.0,0.013847126,63868.945
0.0,0.049386725,117.234726
0.0,0.15117265,89.66127
0.0,0.027193176,48290.715
0.0,1.0,114.12409
0.0,0.0027315577,25232.174
0.0,0.23666526,2545.7212
0.0,0.05848717,643.2964
0.0,0.45466256,8098.5225
0.0,0.43949148,83.241165
0.0,0.43729088,161.84998
0.0,0.032284427,2402.0435
0.0,0.44829494,65.72656
0.0,0.0084997015,1194.248
0.0,0.33553982,6119.121
0.0,0.18589395,2695.766
0.0,0.7676921,731.8954
0.0,0.33207545,490.60287
0.0,0.40471953,16749.19
0.0,0.34798193,79.54973
0.0,0.37022662,88.00952
0.0,0.83311397,2492.6018
0.0,0.42600143,3931.2837
0.0,0.21013589,120.69641
0.0,0.5771628,4134.7534
0.0,0.50605357,778.4472
0.0,0.10859384,1911.2216
0.0,0.007135089,290.76553
0.0,0.6718773,5504.7603
0.0,0.19289483,97.268456
0.0,0.37783897,83.82851
0.0,0.11548222,565.2818
0.0,0.26069757,131.41609
0.0,0.38202837,233.40091
0.0,0.0061207353,4413.029
0.0,0.9935376,3723.734
0.0,0.026154464,463.64682
0.0,0.12808828,85.44976
0.0,0.12808833,85.44976
0.0,0.20453672,101.20852
0.0,0.000296845,35588.098
0.0,0.6960396,383.5372
0.0,0.004426047,24249.229
0.0,0.28998935,71.04315
0.0,0.025488969,10797.668
0.0,0.19213137,4855.7773
0.0,0.19344153,7103.6675
0.0,0.5224523,91.32943
0.0,0.20309946,11438.251
0.0,0.009642541,55842.574
0.0,0.0012379733,8082.293
0.0,0.0567811,1868.999
0.0,0.032089412,2859.6987
0.0,0.3482929,70.53157
0.0,0.14970851,139.64404
0.0,0.0030765543,576.94116
0.0,0.42936948,69.63266
0.0,0.10728834,5263.647
0.0,0.025392799,3210.5637
0.0,0.061288487,139.93866
0.0,0.27364084,318.0178
0.0,0.11206928,7239.6626
0.0,0.17954877,711.1706
0.0,0.118489996,346.9737
0.0,0.4557321,162.54272
0.0,0.7830015,516.5103
0.0,0.3770596,468.2393
0.0,0.5516429,514.3976
0.0,0.08392033,2364.0542
0.0,0.4762913,79.16854
0.0,0.11841351,512.09143
0.0,0.46154216,78.21128
0.0,0.038221,2725.7698
0.0,0.062270712,13639.592
0.0,0.043799803,155.58055
0.0,0.03734664,7095.6934
0.0,0.0018937612,548.19727
0.0,0.11866289,94.0
0.0,0.36129534,4171.243
0.0,0.19537969,7832.2847
0.0,0.06700222,83.10024
0.0,0.5384892,122.31342
0.0,0.39953545,205.63657
0.0,0.70307076,10079.532
0.0,0.19594046,69292.21
0.0,0.11118898,85.21219
0.0,0.9341713,1563.4181
0.0,0.00041935354,4929.159
0.0,0.0019974483,4511.978
0.0,0.52418685,124.32657
0.0,0.1915975,149.20988
0.0,0.08248642,1308.57
0.0,0.432213,83.308464
0.0,0.015049456,1087.1768
0.0,0.10603226,112.37943
0.0,0.3259416,578.28406
0.0,0.5120453,391.09763
0.0,0.120809406,92.47823
0.0,0.0002828853,1858.0597
0.0,0.66848195,74.04823
0.0,0.63319045,109.75874
0.0,0.15724103,1806.7236
0.0,0.24407926,115.91054
0.0,0.19230968,814.6994
0.0,0.19122535,75.567696
0.0,0.44665357,11602.469
0.0,0.11482619,774.3214
0.0,0.02952523,29577.346
0.0,0.022201052,2053.7087
0.0,0.29857114,818.45557
0.0,0.0058212373,12969.512
0.0,0.17508559,1611.9274
0.0,0.7123414,208.77228
0.0,0.14494176,1102.3833
0.0,0.478328,1500.7262
0.0,0.21637577,11775.338
0.0,0.09509637,291.89835
0.0,0.88744015,20676.334
0.0,0.23556979,140.62892
0.0,0.020448674,358.90723
0.0,0.27522132,73.766815
0.0,0.015981168,56048.594
0.0,0.30415154,1557.1001
0.0,0.0066523333,10103.1875
0.0,0.15679085,85.851524
0.0,0.5106285,6407.9736
0.0,0.9999927,472.00815
0.0,0.10952696,813.1123
0.0,0.283378,7135.1187
0.0,0.018948665,1330.4554
0.0,0.43942916,79.435455
0.0,0.5067755,129.3335
0.0,0.17929056,110.89656
0.0,0.07061313,6541.864
0.0,0.905727,1537.362
0.0,0.00470362,65714.73
0.0,0.17158295,543.36084
0.0,0.49852225,511.9593
0.0,0.093150295,628.7388
0.0,0.50533235,20579.85
0.0,0.00027665755,88509.14
0.0,0.027243748,97188.02
0.0,0.37834084,2562.727
0.0,0.32638672,90.51157
0.0,0.44809735,877.1878
0.0,0.00933101,6434.751
0.0,0.07556893,328.16846
0.0,0.03941924,21253.49
0.0,0.00444083,5269.4585
0.0,0.55442345,12680.811
0.0,0.43773627,148.0397
0.0,0.1834511,20673.633
0.0,0.538731,130.23558
0.0,0.461353,134.0392
0.0,0.10264826,28501.822
0.0,0.0008052219,29022.715
0.0,0.01025766,50306.312
0.0,0.016045218,22411.26
0.0,0.0053833546,50963.1
0.0,0.25820696,1430.9498
0.0,0.71315783,1662.1555
0.0,0.36537457,100.38227
0.0,0.51351887,24632.75
0.0,0.0027341503,400.05344
0.0,0.527711,751.61035
0.0,0.28270325,8526.876
0.0,0.3528228,113.76666
0.0,0.3142469,1434.8704
0.0,0.27379686,2107.6428
0.0,0.3992137,100.46535
0.0,0.26554504,7616.933
0.0,0.16759208,1632.1567
0.0,0.27274048,78.63757
0.0,0.0020745469,28094.621
0.0,0.43273997,1177.0897
0.0,0.47196066,169.80536
0.0,0.0238339,43892.207
0.0,0.30128878,174.4332
0.0,0.3388707,1616.8711
0.0,0.75468856,2292.2622
0.0,0.28264594,987.5331
0.0,0.20529576,95.84223
0.0,0.02980198,9233.49
0.0,0.012830923,284.77063
0.0,0.33002663,2332.2644
0.0,0.15695925,509.4682
0.0,0.049661282,3084.775
0.0,0.41369665,290.97522
0.0,0.12912066,722.9511
0.0,1.0,9032.167
0.0,0.5082304,22874.703
0.0,0.24680425,74.434235
0.0,0.009201858,2103.0276
0.0,0.0040185563,62702.395
0.0,0.2600302,114.79581
0.0,0.22416918,1083.4934
0.0,0.0047656596,962.45105
0.0,0.7396895,3147.3884
0.0,0.0052156653,1826.4955
0.0,0.9923833,1471.6143
0.0,0.018100725,20806.895
0.0,0.0863389,17274.682
0.0,0.5752288,197.72203
0.0,0.011091098,48273.113
0.0,0.03229105,2963.5337
0.0,0.061871614,239.60512
0.0,0.2743473,72.40271
0.0,0.15987569,62649.27
0.0,0.33303303,798.045
0.0,0.5806494,1699.5718
0.0,0.53132266,82.92558
0.0,0.49522772,1070.9458
0.0,0.48666474,2056.2234
0.0,0.37402576,6380.548
0.0,0.16571407,203.77199
0.0,0.09271461,75309.56
0.0,0.19157124,1107.34
0.0,0.31562382,87.22353
0.0,0.73281664,985.2052
0.0,0.0342825,366.70975
0.0,0.7621579,1358.6145
0.0,0.6438147,15287.91
0.0,0.12703432,127.02222
0.0,0.8771534,1316.1796
0.0,0.005531856,176.37347
0.0,0.21996962,1982.3776
0.0,0.026996322,250.63826
0.0,0.0055567636,7376.313
0.0,0.0027927028,1689.4749
0.0,0.009829081,30170.62
0.0,0.16561475,74.58256
0.0,0.021192526,11322.957
0.0,0.32484108,711.2537
0.0,0.010060444,5921.999
0.0,0.018874312,3907.2056
0.0,0.64869124,639.7046
0.0,0.6486912,639.7046
0.0,0.03556755,23117.543
0.0,0.003984092,13945.772
0.0,0.07352583,2964.5393
0.0,0.12516715,972.8079
0.0,0.045450043,3041.889
0.0,0.0019534735,3384.799
0.0,0.20996699,113.97533
0.0,0.059453197,10144.771
0.0,0.29556838,70.19895
0.0,0.0038780703,621.8702
0.0,0.30730554,1091.8696
0.0,0.31422716,94.17277
0.0,0.21480632,104.823685
0.0,0.3887047,157.93701
0.0,0.01506657,1242.887
0.0,0.23641786,8766.317
0.0,0.0011608884,3665.9343
0.0,0.0005334101,3462.1262
0.0,0.08236924,7783.835
0.0,0.17496198,75.971405
0.0,0.066609345,80741.33
0.0,0.07080704,59934.395
0.0,0.0015813465,2860.2593
0.0,0.27683565,71.10277
0.0,0.20268029,656.0234
0.0,0.11857242,271.32498
0.0,0.9931732,3971.379
0.0,0.19385803,69.983665
0.0,0.039009843,5272.7314
0.0,0.54089135,241.00958
0.0,0.056867532,71097.49
0.0,0.44616267,87.75582
0.0,0.06972736,1032.2998
0.0,0.9679736,1438.759
0.0,0.28042886,143.75188
0.0,0.661569,11937.63
0.0,0.008486711,315.08994
0.0,0.0574886,9781.728
0.0,0.0065621664,4929.522
0.0,0.4847885,141.2454
0.0,0.3098356,435.10056
0.0,0.2154709,151.43892
0.0,0.002435363,13136.632
0.0,0.99999976,87.88247
0.0,0.11874304,96.6803
0.0,0.34974942,508.70187
0.0,0.3927815,94.93963
0.0,0.013018744,2413.6575
0.0,0.36604568,334.35263
0.0,0.18349956,192.90085
0.0,0.08330605,323.11453
0.0,0.035636853,57682.492
0.0,0.3393962,536.9761
0.0,0.16084386,131.25854
0.0,0.67112356,6316.7227
0.0,0.57779735,116.71041
0.0,0.12002477,7378.468
0.0,0.9996244,114.26878
0.0,0.33215857,355.7527
0.0,0.3799178,598.79535
0.0,0.3738086,147.6733
0.0,0.066905364,1113.2305
0.0,0.6311355,1992.7225
0.0,0.39076337,66.07338
0.0,0.078756236,308.30142
0.0,0.09159818,349.17
0.0,0.3358985,85.63377
0.0,0.033750575,8066.256
0.0,0.006475311,80305.46
0.0,0.19665399,70.04282
0.0,0.036093097,1762.4165
0.0,0.48299834,155.65462
0.0,0.72310597,2917.492
0.0,0.07801748,837.438
0.0,0.078017466,837.438
0.0,0.60385984,966.21985
0.0,0.17772613,180.69032
0.0,0.2010241,1916.3065
0.0,0.7036915,74.356804
0.0,0.034661446,5017.64
0.0,0.16900009,95.12567
0.0,0.3798719,766.54675
0.0,0.022062246,1382.1567
0.0,0.037641022,357.97488
0.0,0.48113483,25559.27
0.0,0.06858107,6496.1875
0.0,0.06469934,488.25726
0.0,0.08215436,2515.8174
0.0,0.24443123,9800.938
0.0,0.71851003,793.8737
0.0,0.55604315,14125.968
0.0,0.9924022,669.42175
0.0,0.4198341,7068.3267
0.0,0.020463599,6792.1074
0.0,0.5828853,1542.7358
0.0,0.6329115,73.751144
0.0,0.71691436,995.0211
0.0,0.10186605,117.549545
0.0,0.47915453,6924.1104
0.0,0.9387881,2875.8926
0.0,0.12644763,160.95187
0.0,0.28827584,189.0022
0.0,0.12000719,155.01965
0.0,0.0039777053,76499.72
0.0,0.59960675,6168.4956
0.0,0.041180916,1536.2535
0.0,0.38897872,109.62302
0.0,0.08178431,26670.643
0.0,0.20512588,557.7875
0.0,0.05868015,8928.769
0.0,0.9756203,1725.4021
0.0,0.62143564,8608.149
0.0,0.07462375,4018.7517
0.0,0.14047864,290.20007
0.0,0.006714041,1757.213
0.0,0.37054402,305.25583
0.0,0.029584995,7946.2935
0.0,0.024514843,1609.5055
0.0,0.43875584,68.56583
0.0,0.024106776,252.44754
0.0,0.07855937,3344.703
0.0,0.23160805,1782.3071
0.0,0.21848466,123.36278
0.0,0.5736886,471.63437
0.0,0.25618264,357.9918
0.0,0.047968205,1685.5043
0.0,0.075930886,2389.5671
0.0,0.18290967,480.3939
0.0,0.041485094,3496.6953
0.0,0.3373572,12374.887
0.0,0.097958855,507.62616
0.0,0.37458956,135.05875
0.0,0.8020377,2957.8918
0.0,0.9279601,1953.779
0.0,0.31395617,407.84204
0.0,0.25539756,154.76506
0.0,0.020786943,6797.6357
0.0,0.44099757,246.32721
0.0,0.45877102,197.20842
0.0,0.49780354,328.17404
0.0,0.011119778,348.19205
0.0,0.059525076,2768.9348
0.0,0.092640586,1161.3767
0.0,0.023607168,63631.94
0.0,0.0066635413,152.96036
0.0,0.6506706,259.8082
0.0,0.088597834,250.74615
0.0,0.23877127,2004.8959
0.0,0.501764,181.01657
0.0,0.35452962,47048.047
0.0,0.13438594,204.88597
0.0,0.03813977,72.83958
0.0,0.11141542,78.19164
0.0,0.17389512,525.98315
0.0,0.77015483,9128.785
0.0,0.036626786,3563.1658
0.0,0.7014055,569.569
0.0,0.40955105,237.73997
0.0,0.29596055,71.28482
0.0,0.085933894,111.50146
0.0,0.24022894,8712.42
0.0,0.18630011,2861.5142
0.0,0.10783939,6797.9194
0.0,0.20636335,742.8532
0.0,0.56499255,97.722336
0.0,0.11694392,4531.4395
0.0,0.033178516,4524.395
0.0,0.023081908,3226.356
0.0,0.05417886,29907.033
0.0,1.0,146.79356
0.0,0.050373133,476.17
0.0,0.16413283,66.10264
0.0,0.039242666,1148.4498
0.0,0.29992008,192.67816
0.0,0.0035329806,36870.215
0.0,0.1657776,957.2927
0.0,0.41115525,2996.3071
0.0,0.048388872,4065.3145
0.0,0.35962024,868.2545
0.0,0.00886495,13378.08
0.0,0.9702439,790.907
0.0,0.09019586,395.5721
0.0,0.10188393,8903.923
0.0,0.5015094,1318.6573
0.0,0.2714917,95.262825
0.0,0.28032964,67.87101
0.0,0.21954934,173.16745
0.0,0.0013424073,68851.81
0.0,0.14791259,137.64209
0.0,0.01365243,57531.707
0.0,0.32136816,257.97192
0.0,0.5923037,5787.63
0.0,0.31226084,67.15022
0.0,0.44871575,80.75811
0.0,0.1728252,4190.0767
0.0,0.14006801,67810.34
0.0,0.58752906,91.26861
0.0,0.0067876265,5732.105
0.0,0.33541113,1688.1527
0.0,0.9776144,556.2472
0.0,0.1356922,200.9653
0.0,0.38979286,1091.5178
0.0,0.2128228,139.90324
0.0,0.62358326,359.44867
0.0,0.26914394,174.86061
0.0,0.17925285,77.89353
0.0,0.020680958,8972.093
0.0,0.07151466,452.63477
0.0,0.41195562,122.48181
0.0,0.13665561,289.45004
0.0,0.21747154,148.18475
0.0,0.027341867,1208.2972
0.0,0.62637496,339.6112
0.0,0.051407486,86.69121
0.0,0.3782286,155.44908
0.0,0.02617162,1715.452
0.0,0.00602363,1381.7046
0.0,0.3640944,175.74745
0.0,0.092212945,4296.9834
0.0,0.5065635,3308.6326
0.0,0.6787074,88.44492
0.0,0.5051875,81.50742
0.0,0.32312864,380.55017
0.0,0.40565893,97.396965
0.0,0.3894025,147.6493
0.0,0.17840219,1037.5587
0.0,0.5624488,10914.143
0.0,0.05849868,90.42809
0.0,0.0076541426,1239.9102
0.0,0.124835186,70192.32
0.0,0.4951589,18002.762
0.0,0.31550753,278.51083
0.0,0.3992198,81678.266
0.0,0.0011181382,2922.4583
0.0,0.14859208,199.8134
0.0,0.05332531,2316.147
0.0,0.18119368,278.40182
0.0,0.4278948,13539.46
0.0,0.07040059,1336.9755
0.0,0.30296004,342.57993
0.0,0.11754166,9762.65
0.0,0.06509752,4395.2627
0.0,0.18314771,1768.7263
0.0,0.33312005,4763.5405
0.0,0.009157807,4247.4644
0.0,0.602878,12182.176
0.0,0.026042258,468.14804
0.0,0.23427379,3740.3662
0.0,0.050315913,489.6504
0.0,0.0013842302,9870.496
0.0,0.4205757,196.84003
0.0,0.012787564,7277.2544
0.0,0.16079678,1592.6621
0.0,0.29111642,2653.6658
0.0,1.0,120.75202
0.0,0.51517487,311.40338
0.0,0.0047230516,15112.077
0.0,0.25207886,69.25273
0.0,0.6949713,99.149864
0.0,0.32333004,1484.3301
0.0,0.3078918,145.52693
0.0,0.2714349,75.31341
0.0,0.3223007,82.94532
0.0,0.5817897,4709.6216
0.0,0.052309353,56187.477
0.0,0.03257262,65.50594
0.0,0.3124175,139.15884
0.0,0.27925348,110.55373
0.0,0.0021307007,924.7405
0.0,0.41626137,74.31803
0.0,0.0027650674,1053.7024
0.0,0.5060254,1202.5177
0.0,0.45223972,79.54726
0.0,0.008156476,3535.0505
0.0,0.16443701,1622.4336
0.0,0.033072732,4798.28
0.0,0.551647,82.5977
0.0,0.29920873,1835.8859
0.0,0.14033143,33081.35
0.0,0.27042282,131.66219
0.0,0.027988277,922.30994
0.0,0.23936446,9107.016
0.0,0.006746788,1255.4852
0.0,0.42386633,841.02374
0.0,0.4382322,3077.1892
0.0,0.42139927,1783.1908
0.0,0.24263345,303.8302
0.0,0.48516065,770.8723
0.0,0.7377824,460.2011
0.0,0.059254505,6568.829
0.0,0.6441942,555.74725
0.0,0.13062987,180.99957
0.0,0.4863445,795.3643
0.0,0.2614458,12567.403
0.0,0.0069276853,4392.701
0.0,0.89943826,566.5008
0.0,0.20615925,303.88275
0.0,0.42080414,826.80975
0.0,0.018644655,777.3646
0.0,0.07684635,186.74924
0.0,0.104082815,1998.9667
0.0,0.8975918,115.86734
0.0,0.27202976,105.31928
0.0,0.4692517,329.18558
0.0,0.620194,145.5239
0.0,0.22495934,25185.646
0.0,0.24274474,1644.4551
0.0,0.12506086,416.80267
0.0,0.009710054,1583.9583
0.0,0.56897146,153.81041
0.0,1.0,268.04095
0.0,0.6188943,76.89625
0.0,0.012963916,6388.5005
0.0,0.01167431,2853.0845
0.0,0.61151713,70.45233
0.0,0.107450716,203.77245
0.0,0.7109587,1264.9626
0.0,0.51333344,190.40407
0.0,0.24404864,83.62537
0.0,0.36865106,16631.395
0.0,0.047903046,1504.098
0.0,0.0054290076,1633.5659
0.0,0.002204793,42624.49
0.0,0.5477121,141.01546
0.0,0.38827765,148.30814
0.0,0.506694,6011.9854
0.0,0.44116488,85.216255
0.0,0.15927239,121.967026
0.0,0.53587043,86.07342
0.0,0.59812504,137.31966
0.0,0.11835539,47400.21
0.0,0.59391403,594.1488
0.0,0.12860426,4094.919
0.0,0.016678454,207.53915
0.0,0.27432826,70.39556
0.0,0.49140018,959.24817
0.0,0.73478353,14132.468
0.0,0.999577,529.61804
0.0,0.31651536,232.5652
0.0,0.041621312,1739.2029
0.0,0.8205187,9098.471
0.0,0.07359765,11844.932
0.0,0.22052999,81.44856
0.0,0.6011145,91.737206
0.0,0.17687453,432.21066
0.0,0.90818405,8531.287
0.0,0.9432763,29815.79
0.0,0.21928526,24294.586
0.0,0.016878279,651.9674
0.0,0.3013406,2180.9846
0.0,0.28784084,450.575
0.0,0.12094693,9643.105
0.0,0.01887857,2741.2205
0.0,0.40528905,1017.83203
0.0,0.25095335,77.08917
0.0,1.0,92.21221
0.0,0.038584158,27364.84
0.0,0.47756386,69.930244
0.0,0.030204428,15517.02
0.0,0.4509664,116.564415
0.0,0.10472683,223.76247
0.0,0.086191595,8309.962
0.0,0.13354461,92838.71
0.0,0.19570701,212.62393
0.0,0.1156876,2713.0325
0.0,0.1782093,397.39697
0.0,0.92492765,961.25507
0.0,0.16528933,66.53684
0.0,0.14356422,16785.088
0.0,0.43603316,1021.17896
0.0,0.2032943,467.33176
0.0,0.28518143,1099.891
0.0,0.32147965,126.620705
0.0,0.007723663,15361.624
0.0,0.97379106,3122.1204
0.0,0.43628398,121.99261
0.0,0.6581924,426.41595
0.0,0.006647413,6892.829
0.0,0.31044698,116.62311
0.0,0.42829522,406.59818
0.0,0.35530224,23557.46
0.0,0.5387877,78.40661
0.0,0.049489975,1299.0189
0.0,0.47981656,5487.857
0.0,0.046092466,3497.9873
0.0,0.68840563,5392.0757
0.0,0.10751304,130.06339
0.0,0.16388564,5356.5913
0.0,0.3661408,2747.3882
0.0,0.04113023,2002.3286
0.0,0.79411113,3071.3884
0.0,0.6356684,274.86884
0.0,0.16706818,25040.695
0.0,0.083645605,2221.8523
0.0,0.07204765,3623.4922
0.0,0.2596838,10321.094
0.0,0.6272784,938.01587
0.0,0.5047559,125.67803
0.0,0.04810521,89.92821
0.0,0.093593866,198.4138
0.0,0.31114033,980.13745
0.0,0.10318535,1349.2025
0.0,0.27990374,385.05194
0.0,0.57650423,191.0397
0.0,0.07073874,341.60242
0.0,0.027268842,2663.6172
0.0,0.6780158,10632.366
0.0,0.13864252,578.832
0.0,0.3501667,396.56143
0.0,0.086582504,1566.1394
0.0,0.5392154,143.34714
0.0,0.1361007,758.6494
0.0,0.13610075,758.6494
0.0,0.22588797,67.804535
0.0,0.07323757,1994.3707
0.0,0.029285386,422.6291
0.0,0.88969535,74.27388
0.0,0.20560001,78.13854
0.0,0.12607168,102.48238
0.0,0.03835949,16443.16
0.0,0.5060395,83.66986
0.0,0.033012837,3213.378
0.0,0.20051429,95.09434
0.0,0.57935166,11466.254
0.0,0.17142211,159.4044
0.0,0.24980804,164.21474
0.0,0.11627065,142.64955
0.0,0.41449624,1697.0452
0.0,0.092258215,699.2802
0.0,0.14169757,71.068504
0.0,0.049828395,96968.02
0.0,0.19736001,129.47878
0.0,0.0031186782,41825.934
0.0,0.32774547,194.68324
0.0,0.5600467,68.74176
0.0,0.031192685,36059.7
0.0,0.03425452,108.7784
0.0,0.19737668,7168.027
0.0,0.07971813,112.37024
0.0,0.433742,86.0601
0.0,0.9228828,1907.0209
0.0,0.31092915,87.98926
0.0,0.3381316,72.17301
0.0,0.5849742,12459.045
0.0,0.047026597,1598.508
0.0,0.0039902497,17293.697
0.0,0.7371381,425.13528
0.0,0.34162447,1189.8778
0.0,0.01858052,1029.9608
0.0,0.049917307,2186.941
0.0,0.42484233,32999.473
0.0,0.19744788,1417.9796
0.0,0.45973116,9688.41
0.0,0.17360473,30610.664
0.0,0.52566576,91.57222
0.0,0.50916743,10728.796
0.0,0.50916743,10728.796
0.0,0.0066452506,18397.39
0.0,0.38887385,3026.2285
0.0,0.17715847,3693.0217
0.0,0.21743375,1567.4357
0.0,0.26040274,79.558266
0.0,0.024380034,2901.1262
0.0,0.74953794,180.69736
0.0,0.2224641,218.32344
0.0,0.56254435,77.52226
0.0,0.21099204,196.28247
0.0,0.00522629,1270.2019
0.0,0.5293032,85.11639
0.0,0.06771313,104.86104
0.0,0.58924,82.45228
0.0,0.43544006,80.41593
0.0,0.683603,86.04096
0.0,0.15775666,139.5303
0.0,0.13311619,360.263
0.0,0.38496885,131.00888
0.0,0.2782325,103.74995
0.0,0.39682782,75.19019
0.0,0.4901844,101.12293
0.0,0.6390244,79.95815
0.0,0.025095085,111.89477
0.0,0.45782948,187.55226
0.0,0.3750437,93.68183
0.0,0.91049695,459.39108
0.0,0.5959484,175.09932
0.0,0.28314033,69.359
0.0,0.85834086,767.59955
0.0,0.60838014,77.77061
0.0,0.1270068,66.76205
0.0,0.10255525,326.06253
0.0,0.5303117,152.15851
0.0,0.41630164,187.42484
0.0,0.19199462,100.734474
0.0,0.23097742,74.66267
0.0,0.4972511,124.74334
0.0,0.4259731,100.579414
0.0,0.52065516,123.63091
0.0,0.3035363,584.617
0.0,0.49539185,100.92732
0.0,0.55359554,83.01967
0.0,0.3335721,79.15503
0.0,0.4216536,72.56044
0.0,0.1590746,145.83595
0.0,0.6261328,82.17069
0.0,0.36809558,111.63051
0.0,0.46154216,104.28019
0.0,0.26182148,70.401955
0.0,0.18451214,97.4787
0.0,0.2544809,71.27923
0.0,0.20502815,65.4468
0.0,0.50063914,161.3638
0.0,0.14317493,91.12652
0.0,0.48709875,83.50648
0.0,0.20792526,68.64477
0.0,0.18985805,99.13152
0.0,0.31121713,90.53764
0.0,0.08572148,71.932396
0.0,0.30507347,134.2779
0.0,0.82964575,70.43551
0.0,0.49029016,67.7353
0.0,0.9790268,345.30417
0.0,0.45397273,80.70915
0.0,0.14348918,72.59036
0.0,0.933768,682.46704
0.0,0.4464576,71.03131
0.0,0.43426192,100.87188
0.0,0.56800485,98.92298
0.0,0.31983754,67.64277
0.0,0.13504358,307.45193
0.0,0.44992372,108.06011
0.0,0.1448365,91.35056
0.0,0.079650864,143.51414
0.0,0.4360376,74.82784
0.0,0.22790642,482.38412
0.0,0.6393538,96.567154
0.0,0.45588377,159.07135
0.0,0.07948143,136.71445
0.0,0.34722197,75.51664
0.0,0.26289684,137.36618
0.0,0.52577496,99.80404
0.0,0.67108315,71.192116
0.0,0.20978191,67.252174
0.0,0.17968997,102.06807
0.0,0.069060564,173.97702
0.0,0.5707742,329.11908
0.0,0.43552613,91.46954
0.0,0.3201174,109.42243
0.0,0.6975073,93.655914
0.0,0.66735065,152.74059
0.0,0.010537415,594.1772
0.0,0.3226317,73.806854
0.0,0.35169995,78.11527
0.0,0.21884242,763.346
0.0,0.57366383,257.48438
0.0,0.67056197,230.68518
0.0,0.6067049,180.25844
0.0,0.3175236,271.72028
0.0,0.49915522,135.07054
0.0,0.20566428,780.0955
0.0,0.40058228,88.86258
0.0,0.557295,107.0947
0.0,0.10309618,89.38203
0.0,0.20628151,177.3847
0.0,0.49880683,77.22307
0.0,0.65923953,69.03895
0.0,0.18609092,75.5599
0.0,0.47776297,106.38993
0.0,0.42930925,79.31242
0.0,0.22720592,112.84743
0.0,0.3643352,178.69696
0.0,0.24543636,66.88268
0.0,0.062647454,68.84048
0.0,0.41543996,180.68398
0.0,0.2439419,80.18491
0.0,0.69577235,95.847145
0.0,0.07330503,206.6501
0.0,0.8013932,895.4413
0.0,0.10144575,70.68998
0.0,0.65609056,501.612
0.0,0.67775303,90.958664
0.0,0.61907256,70.29072
0.0,0.16699737,129.34514
0.0,0.22725883,83.394485
0.0,0.41928127,506.0652
0.0,0.90088356,569.83075
0.0,0.4569944,121.723816
0.0,0.32555538,151.25563
0.0,0.77653086,83.484886
0.0,0.011216022,702.0104
0.0,0.46490416,67.359566
0.0,0.49483037,158.72163
0.0,0.617677,78.83022
0.0,0.4094934,67.62194
0.0,0.48970264,83.24021
0.0,0.52186435,98.64078
0.0,0.42138264,124.5328
0.0,0.4237944,92.550026
0.0,0.40585762,78.1326
0.0,0.5518937,80.84428
0.0,0.55626976,73.26978
0.0,0.3060338,84.60243
0.0,0.30279154,201.48119
0.0,0.24612917,76.3387
0.0,0.6318104,70.982216
0.0,0.25831783,5048.875
0.0,0.28611687,906.9193
0.0,0.005882803,11212.21
0.0,0.04216294,893.5502
0.0,0.06115421,6794.233
0.0,0.40358594,198.28477
0.0,0.003795714,908.07715
0.0,0.39867482,1122.5808
0.0,0.49963894,159.41246
0.0,0.06010489,464.71454
0.0,0.069299616,17518.113
0.0,0.0018475394,6270.5977
0.0,0.25376192,307.00296
0.0,0.97089,87.13659
0.0,0.04876374,8133.3906
0.0,0.0812264,355.80228
0.0,0.54603416,301.5901
0.0,0.1916417,8152.26
0.0,0.18682441,68.21471
0.0,0.9823485,3.3984096e+08
0.0,0.9823485,3.3984096e+08
0.0,0.34581372,3404.8188
0.0,0.8225403,162.2951
0.0,0.07032277,2864.293
0.0,0.0869818,70.1955
0.0,0.50235695,463.85355
0.0,0.020939153,15306.653
0.0,0.4210769,1193.2139
0.0,0.28405413,31615.07
0.0,0.25242892,749.68304
0.0,0.13703693,87.47785
0.0,0.65829176,116.342834
0.0,0.111812755,717.1672
0.0,0.4613742,186.74954
0.0,0.12655076,10927.1045
0.0,0.087002166,10731.765
0.0,0.36113176,775.9278
0.0,0.0334039,17782.93
0.0,0.27685717,43894.613
0.0,0.54027826,13375.833
0.0,0.16829513,778.0439
0.0,0.008782574,8750.465
0.0,0.28480396,94.300476
0.0,0.037099767,123.552345
0.0,0.40186036,6188.2495
0.0,0.06375545,147.90956
0.0,0.012085261,62463.89
0.0,0.09262053,762.10913
0.0,0.14028712,106.44748
0.0,0.12188127,182.49931
0.0,0.059763886,12038.691
0.0,0.08249155,68.62043
0.0,0.2104393,27020.51
0.0,0.17040181,7327.658
0.0,0.048800275,1070.3228
0.0,0.49467513,1724.6028
0.0,0.28017792,333.27875
0.0,0.21321581,47341.285
0.0,0.020221788,1562.9066
0.0,0.24066332,68.69185
0.0,0.026308756,1063.204
0.0,0.9998362,9381.203
0.0,0.17920402,66.175514
0.0,0.56788737,3590.7473
0.0,0.053783502,2674.1047
0.0,0.08878213,79.23933
0.0,0.39386865,375.7378
0.0,0.039359134,113.451385
0.0,0.4024066,260.02792
0.0,0.12764756,1234.6263
0.0,0.062238406,94.44655
0.0,0.20613906,96.32154
0.0,0.5748439,74.82998
0.0,0.043829516,2820.6912
0.0,0.73711115,1745.6108
0.0,0.26427627,65.03613
0.0,0.6534626,311.8492
0.0,0.011849765,40640.69
0.0,0.77624,239.31657
0.0,0.29348224,647.6048
0.0,0.2426984,82.44603
0.0,0.09396536,673.50275
0.0,0.5066162,1354.1884
0.0,0.37020138,68.79639
0.0,0.10634207,728.8969
0.0,0.48009226,196.45226
0.0,0.059120696,727.1133
0.0,0.28923333,76.41795
0.0,0.093010224,334.09155
0.0,0.1386413,54798.49
0.0,0.479383,3028.2163
0.0,0.009732817,41408.387
0.0,0.66528654,15306.317
0.0,0.11662764,12959.817
0.0,0.018154364,83999.43
0.0,0.021669844,306.64655
0.0,0.17471838,400.27377
0.0,0.8091871,128.66357
0.0,0.04700492,2186.905
0.0,0.14174493,22912.18
0.0,0.16279936,1144.3263
0.0,0.12898855,2020.5851
0.0,0.33056843,592.30194
0.0,0.047179822,266.90594
0.0,0.50886124,472.92944
0.0,0.7486967,1274.8881
0.0,0.16943642,293.7257
0.0,0.015610693,35448.88
0.0,0.124315485,173.54042
0.0,0.28731957,475.95047
0.0,0.105542764,547.46045
0.0,0.041852474,443.66742
0.0,0.12757316,1738.9318
0.0,0.5073891,137.74844
0.0,0.18461226,74.54899
0.0,0.0010624683,5287.442
0.0,0.13727783,473.9964
0.0,0.6429808,3023.2993
0.0,0.0019969018,1211.0958
0.0,0.6510369,349.27603
0.0,0.20470257,5112.7847
0.0,0.25612634,72.98487
0.0,0.09590056,83.15795
0.0,0.38440877,434.03247
0.0,0.5171052,6032.198
0.0,0.043920252,3128.6711
0.0,0.58426327,71.44994
0.0,0.15193325,352.22617
0.0,0.04878023,1255.83
0.0,0.82845795,3356.5764
0.0,0.7254193,3876.5398
0.0,0.09588783,340.41852
0.0,0.31018057,134.0169
0.0,0.1095183,74.82008
0.0,0.03295653,129.7219
0.0,0.00044836925,64393.453
0.0,0.534372,127.3011
0.0,0.4917428,120.13142
0.0,0.16323385,74.56618
0.0,0.38710257,81.01295
0.0,0.052754384,440.10626
0.0,0.7841492,39694.824
0.0,0.5122115,272.0373
0.0,0.113340035,273.6993
0.0,0.12960416,4516.5107
0.0,0.052494127,76798.9
0.0,0.48633096,83.5552
0.0,0.13477285,114.41341
0.0,0.00035271692,10144.86
0.0,0.07811137,149.04958
0.0,0.6262235,94.2393
0.0,0.04272532,8987.621
0.0,0.24794658,186.02408
0.0,0.101654485,3577.1165
0.0,0.49807116,10022.853
0.0,1.0,219.52408
0.0,0.37699112,78.54904
0.0,1.0,2033.2301
0.0,0.69359726,1367.2864
0.0,0.029287752,1901.5879
0.0,0.0015291548,12007.551
0.0,0.20013703,82.737236
0.0,0.4933629,211.35066
0.0,0.20912722,826.1247
0.0,0.4004063,107.73705
0.0,0.22388351,270.13864
0.0,0.21095571,11977.029
0.0,0.021385647,3557.0522
0.0,0.27762958,303.8212
0.0,0.04706806,364.8403
0.0,0.14133579,88.3501
0.0,0.7687336,1321.4517
0.0,0.21018623,16638.555
0.0,0.42972776,175.04175
0.0,0.65449286,700.45435
0.0,0.28489918,101.76577
0.0,0.0009180274,1104.3713
0.0,0.034890633,3524.068
0.0,0.215589,377.19296
0.0,0.08137034,3084.018
0.0,0.1746543,85.182816
0.0,0.19241594,318.4203
0.0,0.17496072,13856.439
0.0,0.07852071,537.86383
0.0,0.7038693,852.1195
0.0,0.060894117,186.52403
0.0,0.5176227,109.636314
0.0,0.18180475,71.97395
0.0,0.23406425,253.83026
0.0,0.0831067,2356.5764
0.0,0.3019192,5675.5044
0.0,0.004857832,7348.8364
0.0,0.017117105,2799.939
0.0,0.0011216962,1626.1573
0.0,0.3142202,83.740166
0.0,0.44477266,206.56071
0.0,0.016367465,7329.9717
0.0,0.46154216,26369.625
0.0,0.76232433,72.30448
0.0,0.52780896,108.288155
0.0,0.45833647,17473.22
0.0,0.2624089,88.7493
0.0,0.58540475,5914.594
0.0,0.06152411,393.41293
0.0,0.40572187,1892.0027
0.0,0.14559646,450.10034
0.0,0.027551074,12771.9
0.0,0.83739877,1251.586
0.0,0.33856907,153.97278
0.0,0.392657,361.76984
0.0,0.002203654,11954.918
0.0,0.5657013,31113.988
0.0,0.03449414,526.96295
0.0,0.35606253,107.40959
0.0,0.8740053,663.37665
0.0,0.44666672,312.87808
0.0,0.13372767,2505.766
0.0,0.025032734,7181.0083
0.0,0.14004871,938.28107
0.0,0.42609745,69.7875
0.0,0.029494507,14269.616
0.0,0.2057683,423.10617
0.0,0.63356733,90.916275
0.0,0.38678676,853.59155
0.0,0.16184509,88.39258
0.0,0.120494395,1437.5148
0.0,0.104092084,357.59286
0.0,0.07468089,1436.8536
0.0,0.06170388,86331.57
0.0,0.00714355,1071.8492
0.0,0.02633725,703.7143
0.0,0.101846635,384.34003
0.0,0.38854042,149.75601
0.0,0.45478868,242.43718
0.0,0.38826233,199.88493
0.0,0.5340844,330.07697
0.0,0.9559296,1031.0815
0.0,0.0042403606,5122.885
0.0,0.018336546,4848.553
0.0,0.034601793,541.72925
0.0,0.057809655,1153.7776
0.0,0.14724337,150.15082
0.0,0.005392592,40217.53
0.0,0.40031946,101.70501
0.0,0.9627377,564.2676
0.0,0.005236116,1203.9021
0.0,0.040360555,16499.893
0.0,0.07017934,13343.885
0.0,0.012469091,17845.422
0.0,0.064242266,95.040535
0.0,0.08526864,347.8581
0.0,0.9999999,8072.684
0.0,0.47103736,267.09882
0.0,0.13590486,778.38995
0.0,0.4596362,121.80276
0.0,0.005911584,1006.6692
0.0,0.309908,382.256
0.0,0.7761145,4646.3647
0.0,0.23026764,1237.3317
0.0,0.20470624,255.04927
0.0,0.73788977,6319.747
0.0,0.5341075,91.63867
0.0,0.51072025,1724.5422
0.0,1.0,87.1165
0.0,0.011290245,7396.7017
0.0,0.0014330682,3792.9958
0.0,0.007347342,1760.2302
0.0,0.61996204,89.167046
0.0,0.029145636,308.6867
0.0,0.2729633,337.05307
0.0,0.21080509,10727.265
0.0,0.15441832,301.63263
0.0,9.863172e-05,97278.234
0.0,0.0040726494,64441.05
0.0,0.0025950465,2878.385
0.0,0.5632906,771.7594
0.0,0.15682642,157.16629
0.0,0.20421986,2204.281
0.0,0.13210323,261.53574
0.0,0.00044381074,3570.252
0.0,0.08622244,108.10942
0.0,0.09774477,117.33575
0.0,0.4824488,58220.723
0.0,0.063717835,122.05263
0.0,0.07950022,18196.7
0.0,0.18794763,88.55813
0.0,0.1497358,1999.3136
0.0,0.015172924,813.1864
0.0,0.17855203,547.5001
0.0,0.085070096,1277.4901
0.0,0.43810332,3091.8704
0.0,0.023279734,2180.8853
0.0,0.15943442,438.54462
0.0,0.16378108,278.08807
0.0,0.18337242,69723.55
0.0,0.388587,171.6021
0.0,0.19386324,120.80838
0.0,0.41338333,296.3434
0.0,0.03078719,1404.1908
0.0,0.46755916,236.13551
0.0,0.5807791,10800.965
0.0,0.3099232,76.93891
0.0,0.24941006,76532.48
0.0,0.048787914,1136.1936
0.0,0.85107744,914.7467
0.0,0.86772424,6822.8755
0.0,0.59601057,146.89546
0.0,0.13996519,898.698
0.0,0.45056996,92.1002
0.0,0.46844533,78.68918
0.0,0.4612373,136.07745
0.0,0.004470266,80758.0
0.0,0.00019734338,33748.652
0.0,0.010090344,873.4929
0.0,0.25142437,905.9947
0.0,0.33954322,87.33083
0.0,0.19799949,72.17622
0.0,0.122393906,126.06112
0.0,0.37666133,2715.7417
0.0,0.23586239,81.57945
0.0,0.07969777,419.15097
0.0,0.29335842,2741.4822
0.0,1.0,104.140945
0.0,0.047245745,2685.9795
0.0,0.14727098,1266.8975
0.0,0.5997769,81.26549
0.0,0.5033339,71.06136
0.0,0.192102,3133.804
0.0,0.54417014,12422.179
0.0,0.33490437,8041.505
0.0,0.61419517,84.08622
0.0,0.47361037,16537.98
0.0,0.33257288,22062.133
0.0,0.098102495,825.917
0.0,0.27137902,176.11978
0.0,0.06665081,977.403
0.0,0.51693076,208.45035
0.0,0.0058889966,3399.2158
0.0,0.0042883586,11022.999
0.0,0.321516,301.98093
0.0,0.0044165477,23305.213
0.0,0.03749046,28368.604
0.0,0.04866614,2945.8564
0.0,0.6418927,3982.7146
0.0,0.10212373,406.1063
0.0,0.10019175,110.69978
0.0,0.07900043,975.6773
0.0,0.06964644,9219.748
0.0,0.015167367,2056.1985
0.0,0.1972144,1353.2623
0.0,0.5811279,96.015724
0.0,0.15240122,9161.67
0.0,0.7528763,429.575
0.0,0.034754407,83572.766
0.0,0.23520645,114.70743
0.0,0.3222906,132.98537
0.0,0.026107563,19562.904
0.0,0.8051301,2814.6523
0.0,0.3373275,1136.5155
0.0,0.12822714,3326.8135
0.0,0.20991936,83.16242
0.0,0.45971647,2409.1777
0.0,0.6212227,1397.1335
0.0,0.31022137,1084.8826
0.0,0.21226613,97.21673
0.0,0.38205844,16495.42
0.0,0.4882826,92.51472
0.0,0.26053023,106.69548
0.0,0.010642735,1230.8853
0.0,0.15211216,134.57169
0.0,0.02493358,15327.508
0.0,0.99071807,1431.099
0.0,0.5736106,68943.05
0.0,0.18324076,82.573105
0.0,0.5515432,153.87595
0.0,0.03072954,696.6826
0.0,0.15045501,81.24979
0.0,0.07311976,134.69852
0.0,0.444463,8046.053
0.0,0.044699263,203.46191
0.0,0.11540215,246.5415
0.0,0.06182368,19940.629
0.0,0.19866765,164.3862
0.0,0.09958013,4152.7017
0.0,0.017295798,27501.164
0.0,0.38129044,158.57854
0.0,0.27219734,72.58793
0.0,0.23952721,1155.2157
0.0,0.2562057,185.35779
0.0,0.027259372,25868.555
0.0,0.044936627,1659.4658
0.0,0.49950707,140.92252
0.0,0.19787058,94.6349
0.0,0.59875894,1015.3096
0.0,0.49948353,11338.172
0.0,0.1494781,67.52842
0.0,0.77777815,2571.5408
0.0,0.23782794,1327.9692
0.0,0.19030131,73.71829
0.0,0.49397218,111.41622
0.0,0.61235374,178.45422
0.0,0.22495751,555.32544
0.0,0.44250575,304.8887
0.0,0.3503606,250.64734
0.0,0.23927358,124.89512
0.0,0.15133391,87.736145
0.0,0.001201153,3607.1558
0.0,0.18167616,75.812294
0.0,0.106180266,26793.857
0.0,0.27233922,23299.227
0.0,0.36077166,290.8952
0.0,0.29125354,21333.072
0.0,0.12875067,100.328606
0.0,0.48310086,80.133224
0.0,0.16237445,19986.133
0.0,0.50204533,4880.0347
0.0,0.3534486,74860.92
0.0,0.07397909,327.85764
0.0,0.16989924,436.62164
0.0,0.9990922,897.291
0.0,0.007963336,18242.309
0.0,0.0037274023,39284.617
0.0,0.5861448,922.94104
0.0,0.3604892,222.55624
0.0,0.5962067,130.07367
0.0,0.0011712115,983.60394
0.0,0.7454,149.1429
0.0,0.025355164,19460.395
0.0,0.23376232,583.75977
0.0,0.0665186,1643.4226
0.0,0.024524257,4000.8813
0.0,0.8947854,1419.3441
0.0,0.1050813,270.34903
0.0,0.026230766,307.86673
0.0,0.17759098,143.84203
0.0,0.0056324573,21792.254
0.0,0.5626092,7192.454
0.0,0.21703622,102.36211
0.0,0.09883906,668.096
0.0,0.8731791,285.33148
0.0,0.5433985,101.838875
0.0,0.25747913,1341.5736
0.0,0.44989243,167.87152
0.0,0.51548696,84.46198
0.0,1.0,113.917656
0.0,0.01362916,689.5191
0.0,0.53471154,526.4257
0.0,0.106111564,7898.4824
0.0,0.41752505,8621.591
0.0,0.00040612533,12512.056
0.0,0.071456835,133.83846
0.0,0.12759835,161.55888
0.0,0.008550428,343.4171
0.0,0.46585053,8336.995
0.0,0.51470786,66.63788
0.0,0.0009433352,5845.7334
0.0,0.1359586,77.74615
0.0,0.37522915,90.75396
0.0,0.010670643,3044.1875
0.0,0.41058654,73.74331
0.0,0.451424,2558.2178
0.0,0.080987,4423.9927
0.0,0.012565972,36752.76
0.0,0.51301265,116.73002
0.0,0.576113,287.62936
0.0,0.00045128804,19086.357
0.0,0.18730818,2171.3865
0.0,0.022422822,10649.436
0.0,0.011573325,16117.77
0.0,0.7875678,1363.8424
0.0,0.031913392,27419.367
0.0,0.22549903,2576.9507
0.0,0.5274808,109.84995
0.0,0.42315376,231.61012
0.0,0.47514117,114.89757
0.0,0.95363754,755.1565
